id,year.prehurr,group,dpAcc,dpSocial,num_obs,sex,ordrank,percentrank,hrs.followed,study.end.date,group.size,DOB,DOD,DOT,Age_entry.days,Age_event.days,days.in.study,Survival,num.partners,top.partner,std.num.partners,iter
00V,2015,V,0.170731707,-0.146341463,82,F,M,76.316,4.666666667,3/1/20,264,12/14/03,NA,NA,5026,5922,896,0,8,2.949876498,2.042553191,1
00V,2016,V,0.339622642,0.056603774,106,F,H,83.33333333,6.166666667,3/1/20,264,12/14/03,NA,NA,5026,5922,896,0,11,1.920243235,2.983050847,1
00V,2017,V,0.454545455,0.018181818,55,F,H,81.25,3.166666667,3/1/20,264,12/14/03,NA,NA,5026,5922,896,0,4,1.967335006,1.93814433,1
04T,2016,V,0.29787234,0.106382979,94,M,L,28.88888889,6,3/1/20,264,11/4/02,NA,NA,5431,6327,896,0,0,0,0,1
04T,2017,V,0.246153846,0.092307692,65,M,L,36.36363636,4,3/1/20,264,11/4/02,NA,NA,5431,6327,896,0,0,0,0,1
0C7,2017,V,0.222222222,0,27,M,L,23.63636364,1.5,3/1/20,264,10/25/05,NA,NA,4345,5241,896,0,0,0,0,1
0G1,2015,V,0.116666667,0.016666667,60,M,L,36.36363636,3.833333333,3/1/20,264,11/17/07,NA,NA,3592,4488,896,0,1,1.182599197,0.255319149,1
0G1,2016,V,0.072916667,0.010416667,96,M,M,66.66666667,6.166666667,3/1/20,264,11/17/07,NA,NA,3592,4488,896,0,1,0.138056703,0.271186441,1
0G1,2017,V,0.02,0,50,M,M,63.63636364,3.666666667,3/1/20,264,11/17/07,NA,NA,3592,4488,896,0,1,0.176792905,0.484536082,1
0J4,2016,V,0.181818182,0.01010101,99,M,L,42.22222222,6.166666667,3/1/20,264,9/16/09,NA,NA,2923,3819,896,0,6,1.822976012,1.627118644,1
0J4,2017,V,0.116666667,-0.05,60,M,L,43.63636364,3.666666667,3/1/20,264,9/16/09,NA,NA,2923,3819,896,0,5,1.957056349,2.422680412,1
0J5,2017,KK,0.456521739,0.086956522,46,F,L,14.583,1.916666667,11/1/18,230,10/17/09,NA,NA,2892,3302,410,0,4,0.901311411,1.070422535,1
0K0,2016,V,0.047619048,0,21,F,M,71.42857143,6,3/1/20,264,10/14/09,3/19/18,NA,2895,3078,183,1,6,1.644387718,1.627118644,1
0K8,2017,KK,0.363636364,-0.045454545,44,F,M,72.917,1.833333333,11/1/18,230,11/21/09,NA,NA,2857,3267,410,0,5,2.830506795,1.338028169,1
0M1,2017,V,0.482758621,0.103448276,58,M,H,92.72727273,3.5,3/1/20,264,9/20/10,NA,NA,2554,3450,896,0,1,0.563748497,0.484536082,1
0M3,2017,V,0.425925926,0,54,F,H,93.75,3.666666667,3/1/20,264,10/25/10,8/27/18,NA,2519,2863,344,1,1,1.360894226,0.484536082,1
0M4,2017,V,0.275862069,0.120689655,58,F,H,95.83333333,3.666666667,3/1/20,264,10/10/10,NA,NA,2534,3430,896,0,5,2.195521198,2.422680412,1
0M6,2017,KK,0.5,-0.045454545,22,F,M,77.083,0.916666667,11/1/18,230,8/9/11,NA,NA,2231,2641,410,0,2,1.262124792,0.535211268,1
12O,2015,V,0.160493827,-0.024691358,81,M,H,84.09090909,4.5,3/1/20,264,11/11/99,NA,NA,6520,7416,896,0,7,1.315956128,1.787234043,1
12O,2016,V,0.284313725,0.019607843,102,M,H,84.44444444,6.166666667,3/1/20,264,11/11/99,NA,NA,6520,7416,896,0,3,1.920243235,0.813559322,1
12O,2017,V,0.166666667,-0.018518519,54,M,H,81.81818182,3.5,3/1/20,264,11/11/99,NA,NA,6520,7416,896,0,4,1.967335006,1.93814433,1
14E,2015,V,0.296296296,0.024691358,81,F,H,100,4.666666667,3/1/20,264,12/13/94,1/25/19,NA,8314,8809,495,1,5,1.404394792,1.276595745,1
14E,2016,V,0.475247525,0.03960396,101,F,H,100,6,3/1/20,264,12/13/94,1/25/19,NA,8314,8809,495,1,6,0.778137782,1.627118644,1
14E,2017,V,0.293103448,-0.034482759,58,F,H,100,3.333333333,3/1/20,264,12/13/94,1/25/19,NA,8314,8809,495,1,2,1.73151324,0.969072165,1
16R,2015,KK,0.387755102,0.081632653,49,M,H,80,5.5,11/1/18,230,12/8/01,4/16/18,NA,5762,5973,211,1,6,3.032206841,1.13304721,1
16R,2017,KK,0.318181818,0.045454545,22,M,H,91.66666667,1.833333333,11/1/18,230,12/8/01,4/16/18,NA,5762,5973,211,1,3,1.096271414,0.802816901,1
19T,2015,V,0.178082192,0,73,M,L,40.90909091,4.333333333,3/1/20,264,11/4/02,NA,NA,5431,6327,896,0,1,0.162810903,0.255319149,1
19T,2016,V,0.12,-0.03,100,M,L,48.88888889,6.166666667,3/1/20,264,11/4/02,NA,NA,5431,6327,896,0,3,1.928435994,0.813559322,1
19T,2017,V,0.057692308,0,52,M,M,67.27272727,3.5,3/1/20,264,11/4/02,NA,NA,5431,6327,896,0,1,0.946592625,0.484536082,1
1B0,2015,V,0.3125,-0.0125,80,F,L,21.053,4.666666667,3/1/20,264,11/16/04,NA,NA,4688,5584,896,0,6,2.857482103,1.531914894,1
1B0,2016,V,0.39,0,100,F,L,21.42857143,6.166666667,3/1/20,264,11/16/04,NA,NA,4688,5584,896,0,6,3.517308279,1.627118644,1
1B0,2017,V,0.406779661,0,59,F,L,22.91666667,3.666666667,3/1/20,264,11/16/04,NA,NA,4688,5584,896,0,3,2.375877371,1.453608247,1
1B1,2015,V,0.22972973,0.040540541,74,M,M,52.27272727,4.5,3/1/20,264,11/7/04,NA,NA,4697,5593,896,0,5,1.718543089,1.276595745,1
1B1,2016,V,0.310679612,0.029126214,103,M,M,62.22222222,6,3/1/20,264,11/7/04,NA,NA,4697,5593,896,0,1,0.17175423,0.271186441,1
1B1,2017,V,0.288461538,0.076923077,52,M,M,65.45454545,3.5,3/1/20,264,11/7/04,NA,NA,4697,5593,896,0,0,0,0,1
1C7,2015,KK,0.531914894,0.042553191,94,F,L,40,5.333333333,11/1/18,230,11/23/05,NA,11/7/18,4316,4726,410,0,6,3.833714538,1.13304721,1
1C7,2017,KK,0.476190476,-0.047619048,42,F,L,35.417,1.75,11/1/18,230,11/23/05,NA,11/7/18,4316,4726,410,0,6,1.096271414,1.605633803,1
1.00E+02,2015,KK,0.521276596,0.127659574,94,F,H,88.57142857,5.333333333,11/1/18,230,10/17/06,NA,11/27/18,3988,4398,410,0,3,2.111786631,0.566523605,1
1.00E+02,2017,KK,0.434782609,0.02173913,46,F,H,87.5,1.916666667,11/1/18,230,10/17/06,NA,11/27/18,3988,4398,410,0,7,4.180401566,1.873239437,1
1F2,2016,V,0.276595745,0.021276596,94,M,L,26.66666667,5.333333333,3/1/20,264,11/18/07,NA,NA,3591,4487,896,0,0,0,0,1
1F2,2017,V,0.114754098,0,61,M,L,30.90909091,3.666666667,3/1/20,264,11/18/07,NA,NA,3591,4487,896,0,1,1.3526713,0.484536082,1
1G0,2015,V,0.357142857,-0.014285714,70,F,L,23.684,4.333333333,3/1/20,264,10/18/08,NA,NA,3256,4152,896,0,4,1.921357974,1.021276596,1
1G0,2016,V,0.355769231,0.048076923,104,F,L,28.57142857,6.166666667,3/1/20,264,10/18/08,NA,NA,3256,4152,896,0,3,1.019737012,0.813559322,1
1G0,2017,V,0.2,0.022222222,45,F,L,37.5,3.166666667,3/1/20,264,10/18/08,NA,NA,3256,4152,896,0,1,2.575733626,0.484536082,1
1G1,2015,V,0.272727273,-0.025974026,77,F,M,68.421,4.333333333,3/1/20,264,11/3/08,NA,NA,3240,4136,896,0,7,1.301884223,1.787234043,1
1G1,2016,V,0.281818182,0.009090909,110,F,M,76.19047619,6.166666667,3/1/20,264,11/3/08,NA,NA,3240,4136,896,0,6,1.36487877,1.627118644,1
1G1,2017,V,0.375,0,56,F,M,75,3.666666667,3/1/20,264,11/3/08,NA,NA,3240,4136,896,0,3,1.101872062,1.453608247,1
1G4,2015,V,0.260273973,-0.054794521,73,F,L,2.632,4.5,3/1/20,264,9/16/08,NA,NA,3288,4184,896,0,2,5.024788505,0.510638298,1
1G4,2016,V,0.4,0.05,100,F,L,4.761904762,6.166666667,3/1/20,264,9/16/08,NA,NA,3288,4184,896,0,4,3.998056792,1.084745763,1
1G4,2017,V,0.280701754,0.01754386,57,F,L,0,3.666666667,3/1/20,264,9/16/08,NA,NA,3288,4184,896,0,3,1.716385349,1.453608247,1
1G6,2015,V,0.361111111,-0.069444444,72,F,M,52.632,4.666666667,3/1/20,264,10/2/08,9/5/18,NA,3272,3625,353,1,3,0.712075687,0.765957447,1
1G6,2016,V,0.2,0.031578947,95,F,M,57.14285714,6.166666667,3/1/20,264,10/2/08,9/5/18,NA,3272,3625,353,1,4,1.405668251,1.084745763,1
1G6,2017,V,0.403508772,-0.035087719,57,F,M,58.33333333,3.5,3/1/20,264,10/2/08,9/5/18,NA,3272,3625,353,1,3,1.675519031,1.453608247,1
1I5,2016,V,0.288461538,-0.028846154,104,F,L,26.19047619,6.166666667,3/1/20,264,9/22/09,NA,NA,2917,3813,896,0,3,1.656680438,0.813559322,1
1I5,2017,V,0.203389831,0.13559322,59,F,L,35.41666667,3.666666667,3/1/20,264,9/22/09,NA,NA,2917,3813,896,0,1,0.818181121,0.484536082,1
1I6,2016,V,0.303030303,0.050505051,99,F,L,0,6.166666667,3/1/20,264,11/9/09,NA,NA,2869,3765,896,0,3,1.786544382,0.813559322,1
1I6,2017,V,0.224137931,0.086206897,58,F,L,8.333333333,3.666666667,3/1/20,264,11/9/09,NA,NA,2869,3765,896,0,4,0.929190619,1.93814433,1
1I7,2016,V,0.42,0,100,F,M,52.38095238,6.166666667,3/1/20,264,9/12/09,NA,NA,2927,3823,896,0,5,2.28734856,1.355932203,1
1I7,2017,V,0.346938776,0.06122449,49,F,M,66.66666667,3.666666667,3/1/20,264,9/12/09,NA,NA,2927,3823,896,0,1,0.124910159,0.484536082,1
1K1,2016,V,0.308411215,0.065420561,107,F,H,92.85714286,6.166666667,3/1/20,264,10/7/09,NA,NA,2902,3798,896,0,5,0.747448963,1.355932203,1
1K1,2017,V,0.290322581,0.032258065,62,F,H,89.58333333,3.666666667,3/1/20,264,10/7/09,NA,NA,2902,3798,896,0,2,2.195521198,0.969072165,1
1K2,2016,V,0.317307692,-0.009615385,104,F,L,23.80952381,6.166666667,3/1/20,264,10/27/09,10/2/18,NA,2882,3262,380,1,6,3.517308279,1.627118644,1
1K2,2017,V,0.436363636,0.018181818,55,F,L,25,3.666666667,3/1/20,264,10/27/09,10/2/18,NA,2882,3262,380,1,4,1.410231781,1.93814433,1
1L1,2017,KK,0.568181818,-0.045454545,44,F,L,0,1.833333333,11/1/18,230,9/26/10,NA,11/27/18,2548,2958,410,0,5,2.192542829,1.338028169,1
1M8,2017,KK,0.5,0,20,M,L,41.66666667,0.833333333,11/1/18,230,10/4/11,NA,12/4/18,2175,2585,410,0,2,1.158601227,0.535211268,1
24V,2015,KK,0.56,0.05,100,F,H,94.28571429,5.666666667,11/1/18,230,12/9/03,3/4/19,NA,5031,5441,410,0,6,4.411736959,1.13304721,1
24V,2017,KK,0.354166667,-0.104166667,48,F,H,93.75,2,11/1/18,230,12/9/03,3/4/19,NA,5031,5441,410,0,8,2.649302215,2.14084507,1
27J,2015,KK,0.589285714,0.035714286,56,M,M,75,5.666666667,11/1/18,230,12/28/97,5/30/18,NA,7203,7458,255,1,4,3.414657837,0.755364807,1
27J,2017,KK,0.6,-0.1,20,M,H,83.33333333,1.75,11/1/18,230,12/28/97,5/30/18,NA,7203,7458,255,1,3,1.986080416,0.802816901,1
27N,2015,KK,0.73,0.11,100,M,H,85,5.666666667,11/1/18,230,1/29/00,12/22/18,NA,6441,6851,410,0,6,2.916299431,1.13304721,1
27N,2017,KK,0.522727273,0.136363636,44,M,H,87.5,1.833333333,11/1/18,230,1/29/00,12/22/18,NA,6441,6851,410,0,7,1.507373195,1.873239437,1
2C3,2015,KK,0.589473684,0.073684211,95,F,H,82.85714286,5.333333333,11/1/18,230,11/10/05,NA,NA,4329,4739,410,0,7,1.913664878,1.321888412,1
2C3,2017,KK,0.425,0.025,40,F,H,85.417,1.666666667,11/1/18,230,11/10/05,NA,NA,4329,4739,410,0,3,1.238553701,0.802816901,1
2C4,2015,KK,0.631578947,0.063157895,95,F,M,54.28571429,5.333333333,11/1/18,230,11/6/05,NA,12/18/18,4333,4743,410,0,4,1.480763943,0.755364807,1
2C4,2017,KK,0.5,0.130434783,46,F,M,54.167,1.916666667,11/1/18,230,11/6/05,NA,12/18/18,4333,4743,410,0,5,0.901311411,1.338028169,1
2D0,2017,V,0.259259259,0.074074074,27,M,L,41.81818182,1.5,3/1/20,264,10/23/06,NA,NA,3982,4878,896,0,0,0,0,1
2.00E+04,2015,V,0.297297297,-0.054054054,74,F,H,89.474,4.333333333,3/1/20,264,10/1/06,NA,NA,4004,4900,896,0,8,4.015899884,2.042553191,1
2.00E+04,2016,V,0.345794393,0.018691589,107,F,H,95.23809524,6.333333333,3/1/20,264,10/1/06,NA,NA,4004,4900,896,0,6,2.269233847,1.627118644,1
2.00E+04,2017,V,0.322580645,0.016129032,62,F,H,85.41666667,3.833333333,3/1/20,264,10/1/06,NA,NA,4004,4900,896,0,4,1.744851811,1.93814433,1
2F2,2015,KK,0.525773196,0.030927835,97,F,L,22.85714286,5.5,11/1/18,230,11/19/07,NA,12/4/18,3590,4000,410,0,5,1.107691855,0.944206009,1
2F2,2017,KK,0.295454545,-0.022727273,44,F,L,39.583,1.833333333,11/1/18,230,11/19/07,NA,12/4/18,3590,4000,410,0,3,1.099937874,0.802816901,1
2G2,2015,V,0.373333333,0,75,F,L,34.211,4.5,3/1/20,264,10/20/08,NA,NA,3254,4150,896,0,5,1.247974647,1.276595745,1
2G2,2016,V,0.460784314,0.049019608,102,F,L,38.0952381,6.166666667,3/1/20,264,10/20/08,NA,NA,3254,4150,896,0,4,1.374291727,1.084745763,1
2G2,2017,V,0.363636364,0.018181818,55,F,L,39.58333333,3.5,3/1/20,264,10/20/08,NA,NA,3254,4150,896,0,2,2.524247,0.969072165,1
2G3,2015,V,0.328571429,-0.057142857,70,F,L,28.947,4.333333333,3/1/20,264,11/4/08,NA,NA,3239,4135,896,0,3,4.281926756,0.765957447,1
2G3,2016,V,0.278350515,0.06185567,97,F,L,33.33333333,6.166666667,3/1/20,264,11/4/08,NA,NA,3239,4135,896,0,3,0.61386234,0.813559322,1
2G3,2017,V,0.322033898,0.06779661,59,F,L,31.25,3.666666667,3/1/20,264,11/4/08,NA,NA,3239,4135,896,0,2,3.186383761,0.969072165,1
2G4,2015,V,0.329411765,-0.011764706,85,F,M,73.684,4.833333333,3/1/20,264,12/3/08,10/24/18,NA,3210,3612,402,1,9,2.949876498,2.29787234,1
2G4,2016,V,0.37,0.07,100,F,H,80.95238095,6.166666667,3/1/20,264,12/3/08,10/24/18,NA,3210,3612,402,1,6,1.587652087,1.627118644,1
2G4,2017,V,0.428571429,0.12244898,49,F,M,79.16666667,3.5,3/1/20,264,12/3/08,10/24/18,NA,3210,3612,402,1,4,1.093840367,1.93814433,1
2I3,2016,V,0.40952381,0.038095238,105,F,M,59.52380952,6.166666667,3/1/20,264,9/27/09,NA,NA,2912,3808,896,0,4,1.886115893,1.084745763,1
2I3,2017,V,0.472727273,0.054545455,55,F,M,60.41666667,3.5,3/1/20,264,9/27/09,NA,NA,2912,3808,896,0,3,1.675519031,1.453608247,1
2J7,2017,KK,0.622222222,-0.155555556,45,F,H,89.583,1.916666667,11/1/18,230,9/7/09,11/1/18,NA,2932,3342,410,1,9,3.428139707,2.408450704,1
2K1,2017,V,0.315789474,-0.01754386,57,F,L,4.166666667,3.166666667,3/1/20,264,12/8/10,NA,NA,2475,3371,896,0,2,4.066041041,0.969072165,1
2K3,2017,V,0.224137931,0,58,M,H,87.27272727,3.666666667,3/1/20,264,9/29/10,NA,NA,2545,3441,896,0,2,1.884771094,0.969072165,1
2K5,2017,V,0.377358491,0.018867925,53,M,H,89.09090909,3.5,3/1/20,264,12/4/10,NA,NA,2479,3375,896,0,2,1.451442025,0.969072165,1
2M4,2017,KK,0.2,0,20,M,L,37.5,0.833333333,11/1/18,230,10/4/11,NA,12/12/18,2175,2585,410,0,1,1.12926955,0.267605634,1
32Z,2015,V,0.164705882,0.082352941,85,M,M,68.18181818,4.833333333,3/1/20,264,2/14/04,NA,NA,4964,5860,896,0,4,1.789348954,1.021276596,1
32Z,2016,V,0.268817204,0.075268817,93,M,M,71.11111111,6,3/1/20,264,2/14/04,NA,NA,4964,5860,896,0,4,1.886115893,1.084745763,1
32Z,2017,V,0.327272727,0.018181818,55,M,M,74.54545455,3.666666667,3/1/20,264,2/14/04,NA,NA,4964,5860,896,0,3,2.524247,1.453608247,1
33T,2015,V,0.356164384,0.068493151,73,M,M,75,4.5,3/1/20,264,12/7/02,NA,NA,5398,6294,896,0,4,1.299321459,1.021276596,1
33T,2016,V,0.463917526,0.020618557,97,M,M,77.77777778,6,3/1/20,264,12/7/02,NA,NA,5398,6294,896,0,5,1.192737706,1.355932203,1
33T,2017,V,0.462962963,0.074074074,54,M,M,78.18181818,3.666666667,3/1/20,264,12/7/02,NA,NA,5398,6294,896,0,2,1.720695039,0.969072165,1
36V,2016,V,0.205128205,0.051282051,78,M,L,20,4.333333333,3/1/20,264,9/27/03,NA,NA,5104,6000,896,0,0,0,0,1
36V,2017,V,0.155172414,-0.017241379,58,M,L,20,3.666666667,3/1/20,264,9/27/03,NA,NA,5104,6000,896,0,2,2.068065847,0.969072165,1
37V,2015,KK,0.551020408,0.142857143,98,F,L,37.14285714,5.5,11/1/18,230,11/15/03,NA,12/11/18,5055,5465,410,0,7,1.746332989,1.321888412,1
37V,2017,KK,0.282608696,-0.065217391,46,F,L,31.25,1.916666667,11/1/18,230,11/15/03,NA,12/11/18,5055,5465,410,0,7,2.097214879,1.873239437,1
3B9,2016,V,0.163265306,0.040816327,98,M,M,51.11111111,6.333333333,3/1/20,264,10/24/05,NA,NA,4346,5242,896,0,0,0,0,1
3D9,2015,V,0.214285714,0.085714286,70,F,L,10.526,4.333333333,3/1/20,264,1/5/07,NA,NA,3908,4804,896,0,2,2.280860154,0.510638298,1
3D9,2016,V,0.275510204,0.020408163,98,F,L,11.9047619,6.166666667,3/1/20,264,1/5/07,NA,NA,3908,4804,896,0,4,4.116599877,1.084745763,1
3D9,2017,V,0.225806452,-0.048387097,62,F,L,12.5,3.833333333,3/1/20,264,1/5/07,NA,NA,3908,4804,896,0,2,0.932662521,0.969072165,1
3F5,2015,KK,0.653061224,0.132653061,98,F,L,45.71428571,5.5,11/1/18,230,12/8/07,NA,11/29/18,3571,3981,410,0,5,1.597785734,0.944206009,1
3F5,2017,KK,0.545454545,0.045454545,44,F,L,43.75,1.833333333,11/1/18,230,12/8/07,NA,11/29/18,3571,3981,410,0,6,0.850618622,1.605633803,1
3F7,2015,KK,0.649484536,0.041237113,97,F,M,62.85714286,5.5,11/1/18,230,10/1/07,NA,11/28/18,3639,4049,410,0,8,1.745212348,1.510729614,1
3F7,2017,KK,0.456521739,0.065217391,46,F,M,60.417,1.916666667,11/1/18,230,10/1/07,NA,11/28/18,3639,4049,410,0,2,1.461695219,0.535211268,1
3H0,2015,V,0.327868852,-0.016393443,61,F,L,18.421,4.333333333,3/1/20,264,11/17/08,NA,NA,3226,4122,896,0,8,2.857482103,2.042553191,1
3H0,2016,V,0.504854369,0,103,F,L,19.04761905,6.166666667,3/1/20,264,11/17/08,NA,NA,3226,4122,896,0,5,3.018421556,1.355932203,1
3H0,2017,V,0.50877193,0,57,F,L,20.83333333,3.833333333,3/1/20,264,11/17/08,NA,NA,3226,4122,896,0,2,3.139695815,0.969072165,1
3I5,2016,V,0.15,0.05,60,M,L,17.77777778,3.333333333,3/1/20,264,10/3/09,NA,NA,2906,3802,896,0,0,0,0,1
3I5,2017,V,0.111111111,0.018518519,54,M,L,5.454545455,3.5,3/1/20,264,10/3/09,NA,NA,2906,3802,896,0,1,0.542713105,0.484536082,1
3I9,2016,V,0.111111111,-0.011111111,90,M,L,40,6,3/1/20,264,10/16/09,NA,NA,2893,3789,896,0,4,1.564871871,1.084745763,1
3I9,2017,V,0.211538462,0.038461538,52,M,M,60,3.666666667,3/1/20,264,10/16/09,NA,NA,2893,3789,896,0,3,1.957056349,1.453608247,1
3J7,2016,V,0.234375,0.03125,64,M,M,73.33333333,6,3/1/20,264,11/6/09,7/3/18,NA,2872,3161,289,1,3,0.305340853,0.813559322,1
3J7,2017,V,0.25,0.068181818,44,M,M,72.72727273,3.666666667,3/1/20,264,11/6/09,7/3/18,NA,2872,3161,289,1,3,3.186383761,1.453608247,1
3M3,2017,KK,0.5,-0.05,20,M,L,33.33333333,0.833333333,11/1/18,230,9/26/11,NA,12/11/18,2183,2593,410,0,1,0.801579726,0.267605634,1
44V,2015,KK,0.288659794,0,97,F,L,17.14285714,5.5,11/1/18,230,2/13/04,NA,11/27/18,4965,5375,410,0,7,3.713556867,1.321888412,1
44V,2017,KK,0.260869565,-0.086956522,46,F,L,37.5,1.916666667,11/1/18,230,2/13/04,NA,11/27/18,4965,5375,410,0,6,1.869463037,1.605633803,1
45Z,2015,V,0.345238095,0,84,F,L,42.105,4.833333333,3/1/20,264,11/12/04,NA,NA,4692,5588,896,0,6,0.759927032,1.531914894,1
45Z,2016,V,0.411214953,0.065420561,107,F,L,45.23809524,6.5,3/1/20,264,11/12/04,NA,NA,4692,5588,896,0,2,5.814069795,0.542372881,1
45Z,2017,V,0.436363636,0.054545455,55,F,L,27.08333333,3.5,3/1/20,264,11/12/04,NA,NA,4692,5588,896,0,0,0,0,1
46Z,2015,KK,0.734693878,0.081632653,98,M,M,65,5.5,11/1/18,230,12/28/04,NA,12/18/18,4646,5056,410,0,2,1.820611406,0.377682403,1
46Z,2017,KK,0.630434783,-0.043478261,46,M,M,75,1.916666667,11/1/18,230,12/28/04,NA,12/18/18,4646,5056,410,0,3,1.107759654,0.802816901,1
49V,2015,KK,0.673469388,0.051020408,98,F,L,5.714285714,5.5,11/1/18,230,11/15/03,NA,11/28/18,5055,5465,410,0,9,3.032206841,1.699570815,1
49V,2017,KK,0.326086957,-0.02173913,46,F,L,10.417,1.916666667,11/1/18,230,11/15/03,NA,11/28/18,5055,5465,410,0,6,2.791610442,1.605633803,1
4C5,2015,V,0.315068493,-0.02739726,73,F,L,13.158,4.5,3/1/20,264,12/14/05,NA,NA,4295,5191,896,0,3,2.908690792,0.765957447,1
4C5,2016,V,0.313131313,0.101010101,99,F,L,14.28571429,6.166666667,3/1/20,264,12/14/05,NA,NA,4295,5191,896,0,5,0.564777422,1.355932203,1
4C5,2017,V,0.267857143,0.071428571,56,F,L,16.66666667,3.833333333,3/1/20,264,12/14/05,NA,NA,4295,5191,896,0,4,0.759011806,1.93814433,1
4C9,2015,V,0.226666667,0.04,75,F,L,26.316,4.333333333,3/1/20,264,11/20/05,6/13/19,NA,4319,4953,634,1,5,1.134249293,1.276595745,1
4C9,2016,V,0.224489796,0.051020408,98,F,L,30.95238095,6.166666667,3/1/20,264,11/20/05,6/13/19,NA,4319,4953,634,1,2,2.14772303,0.542372881,1
4C9,2017,V,0.301587302,0.031746032,63,F,L,29.16666667,3.666666667,3/1/20,264,11/20/05,6/13/19,NA,4319,4953,634,1,4,2.658873507,1.93814433,1
4D8,2015,KK,0.704081633,0.010204082,98,F,M,74.28571429,5.5,11/1/18,230,9/29/06,NA,12/4/18,4006,4416,410,0,6,1.86474744,1.13304721,1
4D8,2017,KK,0.543478261,-0.195652174,46,F,M,79.167,1.916666667,11/1/18,230,9/29/06,NA,12/4/18,4006,4416,410,0,3,2.199875748,0.802816901,1
4.00E+02,2015,V,0.378378378,-0.013513514,74,M,M,65.90909091,4.5,3/1/20,264,10/16/07,NA,NA,3624,4520,896,0,9,2.720785227,2.29787234,1
4.00E+02,2016,V,0.39,0.05,100,M,M,68.88888889,6.166666667,3/1/20,264,10/16/07,NA,NA,3624,4520,896,0,4,4.116599877,1.084745763,1
4.00E+02,2017,V,0.456140351,-0.01754386,57,M,M,70.90909091,3.666666667,3/1/20,264,10/16/07,NA,NA,3624,4520,896,0,2,3.139695815,0.969072165,1
4F1,2015,KK,0.505376344,0.086021505,93,F,H,80,5.166666667,11/1/18,230,10/16/07,NA,12/4/18,3624,4034,410,0,6,3.414657837,1.13304721,1
4F1,2017,KK,0.372093023,0.069767442,43,F,H,83.333,1.833333333,11/1/18,230,10/16/07,NA,12/4/18,3624,4034,410,0,6,1.466583832,1.605633803,1
4G8,2015,V,0.114285714,0.014285714,70,M,L,22.72727273,4.166666667,3/1/20,264,10/10/08,NA,NA,3264,4160,896,0,2,0.719624192,0.510638298,1
4G8,2016,V,0.116504854,0.038834951,103,M,L,46.66666667,6.333333333,3/1/20,264,10/10/08,NA,NA,3264,4160,896,0,0,0,0,1
4G8,2017,V,0.107142857,0.035714286,56,M,M,58.18181818,3.5,3/1/20,264,10/10/08,NA,NA,3264,4160,896,0,2,0.664718377,0.969072165,1
4J4,2016,V,0.303030303,0,99,F,L,40.47619048,6.166666667,3/1/20,264,9/21/09,NA,NA,2918,3814,896,0,6,8.91093266,1.627118644,1
4J4,2017,V,0.333333333,0.083333333,60,F,L,43.75,3.666666667,3/1/20,264,9/21/09,NA,NA,2918,3814,896,0,2,2.890262815,0.969072165,1
4K7,2017,V,0.132075472,0.018867925,53,M,M,52.72727273,3.666666667,3/1/20,264,10/31/10,NA,NA,2513,3409,896,0,1,0.804019415,0.484536082,1
4M9,2017,KK,0.6,-0.1,20,F,L,33.333,0.833333333,11/1/18,230,9/21/11,NA,12/4/18,2188,2598,410,0,3,1.507373195,0.802816901,1
51V,2015,KK,0.5,0.010869565,92,F,L,34.28571429,5.333333333,11/1/18,230,10/29/03,NA,12/5/18,5072,5482,410,0,12,1.306794409,2.266094421,1
51V,2017,KK,0.295454545,-0.090909091,44,F,L,18.75,1.833333333,11/1/18,230,10/29/03,NA,12/5/18,5072,5482,410,0,6,6.958940282,1.605633803,1
51Z,2015,V,0.363636364,-0.077922078,77,F,L,0,4.5,3/1/20,264,11/1/04,NA,NA,4703,5599,896,0,3,1.875943408,0.765957447,1
51Z,2016,V,0.327272727,0,110,F,L,2.380952381,6.333333333,3/1/20,264,11/1/04,NA,NA,4703,5599,896,0,7,1.064961041,1.898305085,1
51Z,2017,V,0.216666667,0.016666667,60,F,L,10.41666667,3.5,3/1/20,264,11/1/04,NA,NA,4703,5599,896,0,3,1.675519031,1.453608247,1
52Z,2015,V,0.2625,0.0375,80,F,M,55.263,4.666666667,3/1/20,264,10/24/04,NA,NA,4711,5607,896,0,4,1.288278275,1.021276596,1
52Z,2016,V,0.386138614,0,101,F,M,61.9047619,6.333333333,3/1/20,264,10/24/04,NA,NA,4711,5607,896,0,4,1.842011103,1.084745763,1
52Z,2017,V,0.290909091,0.036363636,55,F,M,62.5,3.666666667,3/1/20,264,10/24/04,NA,NA,4711,5607,896,0,3,0.601612202,1.453608247,1
53Z,2015,V,0.28,0.053333333,75,F,M,71.053,4.5,3/1/20,264,11/1/04,10/2/18,NA,4703,5083,380,1,3,1.475328444,0.765957447,1
53Z,2016,V,0.287128713,0.04950495,101,F,M,78.57142857,6.333333333,3/1/20,264,11/1/04,10/2/18,NA,4703,5083,380,1,3,0.530263246,0.813559322,1
53Z,2017,V,0.421052632,0.070175439,57,F,M,77.08333333,3.5,3/1/20,264,11/1/04,10/2/18,NA,4703,5083,380,1,2,0.938979817,0.969072165,1
56K,2015,KK,0.568421053,0.021052632,95,M,H,90,5.5,11/1/18,230,1/8/99,NA,12/12/18,6827,7237,410,0,9,2.717431098,1.699570815,1
56K,2017,KK,0.630434783,-0.02173913,46,M,H,95.83333333,1.916666667,11/1/18,230,1/8/99,NA,12/12/18,6827,7237,410,0,2,1.297763737,0.535211268,1
5B0,2016,V,0.16,0,100,M,L,11.11111111,6,3/1/20,264,12/23/05,NA,NA,4286,5182,896,0,0,0,0,1
5B0,2017,V,0.210526316,0.01754386,57,M,L,32.72727273,3.666666667,3/1/20,264,12/23/05,NA,NA,4286,5182,896,0,4,1.322611938,1.93814433,1
5C6,2015,V,0.210526316,-0.01754386,57,F,H,86.842,4.166666667,3/1/20,264,11/21/05,5/1/18,NA,4318,4544,226,1,7,1.235058937,1.787234043,1
5C6,2016,V,0.176470588,-0.029411765,68,F,H,88.0952381,6.333333333,3/1/20,264,11/21/05,5/1/18,NA,4318,4544,226,1,11,1.999897769,2.983050847,1
5C6,2017,V,0.291666667,0,48,F,H,87.5,3.666666667,3/1/20,264,11/21/05,5/1/18,NA,4318,4544,226,1,0,0,0,1
5.00E+08,2015,V,0.38028169,-0.014084507,71,F,M,60.526,4.333333333,3/1/20,264,1/15/08,NA,NA,3533,4429,896,0,6,0.629279501,1.531914894,1
5.00E+08,2016,V,0.494949495,0.04040404,99,F,M,66.66666667,6,3/1/20,264,1/15/08,NA,NA,3533,4429,896,0,3,0.432124454,0.813559322,1
5.00E+08,2017,V,0.314814815,0.148148148,54,F,M,56.25,3.5,3/1/20,264,1/15/08,NA,NA,3533,4429,896,0,3,1.720695039,1.453608247,1
5H4,2015,KK,0.515463918,0.072164948,97,F,H,100,5.5,11/1/18,230,9/10/08,2/26/19,NA,3294,3704,410,0,9,2.980408301,1.699570815,1
5H4,2017,KK,0.5,-0.142857143,42,F,H,100,1.75,11/1/18,230,9/10/08,2/26/19,NA,3294,3704,410,0,12,4.20979397,3.211267606,1
5J1,2016,V,0.126984127,-0.031746032,63,M,L,24.44444444,4.333333333,3/1/20,264,9/24/09,8/25/18,NA,2915,3257,342,1,3,3.359445145,0.813559322,1
5J1,2017,V,0.113207547,0,53,M,L,29.09090909,3.666666667,3/1/20,264,9/24/09,8/25/18,NA,2915,3257,342,1,0,0,0,1
5J3,2017,KK,0.684210526,0.026315789,38,M,L,16.66666667,1.583333333,11/1/18,230,10/16/09,NA,12/12/18,2893,3303,410,0,1,0.103708428,0.267605634,1
5K0,2017,KK,0.568181818,0,44,M,L,12.5,1.833333333,11/1/18,230,10/26/10,NA,12/4/18,2518,2928,410,0,1,0.417976392,0.267605634,1
5K8,2017,V,0.063829787,0.021276596,47,M,L,38.18181818,3.666666667,3/1/20,264,10/25/10,NA,NA,2519,3415,896,0,0,0,0,1
5L4,2017,V,0.03125,0.03125,32,M,L,47.27272727,2.333333333,3/1/20,264,12/9/10,NA,NA,2474,3370,896,0,1,0.804019415,0.484536082,1
5L7,2017,V,0.230769231,-0.019230769,52,F,L,41.66666667,3.5,3/1/20,264,9/26/10,NA,NA,2548,3444,896,0,1,0.323043515,0.484536082,1
5L8,2017,V,0.103448276,-0.017241379,58,F,L,14.58333333,3.5,3/1/20,264,9/19/10,9/6/18,NA,2555,2909,354,1,2,0.555047494,0.969072165,1
5M5,2017,KK,0.363636364,0,22,F,L,6.25,0.916666667,11/1/18,230,9/1/11,NA,11/7/18,2208,2618,410,0,0,0,0,1
60R,2015,KK,0.59375,0.0625,96,F,M,68.57142857,5.5,11/1/18,230,12/3/01,NA,11/28/18,5767,6177,410,0,2,0.290868725,0.377682403,1
60R,2017,KK,0.386363636,-0.159090909,44,F,M,66.667,1.833333333,11/1/18,230,12/3/01,NA,11/28/18,5767,6177,410,0,6,2.192542829,1.605633803,1
61R,2015,V,0.333333333,-0.08974359,78,M,H,90.90909091,4.5,3/1/20,264,12/15/01,NA,NA,5755,6651,896,0,4,4.015899884,1.021276596,1
61R,2016,V,0.485981308,0.046728972,107,M,H,91.11111111,6.166666667,3/1/20,264,12/15/01,NA,NA,5755,6651,896,0,6,2.269233847,1.627118644,1
61R,2017,V,0.491525424,0.016949153,59,M,H,96.36363636,3.666666667,3/1/20,264,12/15/01,NA,NA,5755,6651,896,0,2,0.628858042,0.969072165,1
6B8,2017,V,0.185185185,0.074074074,27,M,L,25.45454545,1.5,3/1/20,264,11/16/05,NA,NA,4323,5219,896,0,1,1.400549949,0.484536082,1
6C2,2015,KK,0.520408163,0.112244898,98,F,M,60,5.5,11/1/18,230,10/6/05,NA,NA,4364,4774,410,0,7,0.918457694,1.321888412,1
6C2,2017,KK,0.5,-0.125,48,F,M,58.333,2,11/1/18,230,10/6/05,NA,NA,4364,4774,410,0,9,4.150432244,2.408450704,1
6D4,2015,KK,0.618556701,0.082474227,97,F,L,28.57142857,5.5,11/1/18,230,10/14/06,NA,12/18/18,3991,4401,410,0,6,1.733258838,1.13304721,1
6D4,2017,KK,0.619047619,-0.047619048,42,F,L,25,1.75,11/1/18,230,10/14/06,NA,12/18/18,3991,4401,410,0,8,1.22145482,2.14084507,1
6D6,2015,KK,0.694736842,0.063157895,95,F,M,65.71428571,5.666666667,11/1/18,230,10/26/06,NA,12/18/18,3979,4389,410,0,4,1.744157626,0.755364807,1
6D6,2017,KK,0.4375,0.020833333,48,F,M,62.5,2,11/1/18,230,10/26/06,NA,12/18/18,3979,4389,410,0,5,1.986080416,1.338028169,1
6D9,2015,KK,0.520408163,0.06122449,98,F,M,51.42857143,5.5,11/1/18,230,11/2/06,NA,12/11/19,3972,4382,410,0,3,0.772993597,0.566523605,1
6D9,2017,KK,0.5,-0.086956522,46,F,M,52.083,1.916666667,11/1/18,230,11/2/06,NA,12/11/19,3972,4382,410,0,9,1.17135413,2.408450704,1
6K6,2017,KK,0.5,-0.071428571,42,F,M,64.583,1.75,11/1/18,230,9/6/10,NA,11/7/18,2568,2978,410,0,1,0.55525546,0.267605634,1
6L1,2017,KK,0.434782609,-0.065217391,46,F,L,29.167,1.916666667,11/1/18,230,9/9/10,NA,12/11/18,2565,2975,410,0,3,2.314651874,0.802816901,1
6L3,2017,KK,0.590909091,0.045454545,44,M,L,29.16666667,1.833333333,11/1/18,230,9/27/10,NA,11/7/18,2547,2957,410,0,0,0,0,1
6L4,2017,KK,0.304347826,0,46,M,L,25,1.916666667,11/1/18,230,9/17/10,NA,11/28/18,2557,2967,410,0,2,0.147296028,0.535211268,1
6M7,2017,KK,0.45,-0.1,20,F,M,50,0.833333333,11/1/18,230,8/21/11,NA,12/12/18,2219,2629,410,0,3,1.790698859,0.802816901,1
73S,2016,V,0.243589744,0.038461538,78,M,L,33.33333333,4.333333333,3/1/20,264,11/23/02,2/10/20,NA,5412,6288,876,1,0,0,0,1
73S,2017,V,0.25,0.016666667,60,M,L,7.272727273,3.666666667,3/1/20,264,11/23/02,2/10/20,NA,5412,6288,876,1,0,0,0,1
73Z,2015,KK,0.608695652,-0.02173913,92,M,L,35,5.333333333,11/1/18,230,10/30/04,NA,12/12/18,4705,5115,410,0,3,2.241374931,0.566523605,1
73Z,2017,KK,0.688888889,-0.066666667,45,M,M,70.83333333,1.916666667,11/1/18,230,10/30/04,NA,12/12/18,4705,5115,410,0,2,1.052114488,0.535211268,1
76J,2015,KK,0.587628866,0.030927835,97,F,M,77.14285714,5.5,11/1/18,230,1/19/99,NA,12/18/18,6816,7226,410,0,6,2.916299431,1.13304721,1
76J,2017,KK,0.543478261,-0.02173913,46,F,H,81.25,1.916666667,11/1/18,230,1/19/99,NA,12/18/18,6816,7226,410,0,12,1.416068166,3.211267606,1
77I,2015,V,0.32,-0.026666667,75,M,H,81.81818182,4.5,3/1/20,264,1/13/98,NA,NA,7187,8083,896,0,7,1.288278275,1.787234043,1
77I,2016,V,0.415841584,0.03960396,101,M,H,82.22222222,6.166666667,3/1/20,264,1/13/98,NA,NA,7187,8083,896,0,0,0,0,1
77I,2017,V,0.383333333,0.033333333,60,M,H,80,3.666666667,3/1/20,264,1/13/98,NA,NA,7187,8083,896,0,2,0.600273586,0.969072165,1
78I,2015,V,0.373333333,0.093333333,75,F,M,63.158,4.5,3/1/20,264,12/15/97,NA,NA,7216,8112,896,0,8,4.564283073,2.042553191,1
78I,2016,V,0.454545455,0.080808081,99,F,M,69.04761905,6.333333333,3/1/20,264,12/15/97,NA,NA,7216,8112,896,0,4,3.603410349,1.084745763,1
78I,2017,V,0.616666667,0.133333333,60,F,M,64.58333333,3.666666667,3/1/20,264,12/15/97,NA,NA,7216,8112,896,0,3,1.204658635,1.453608247,1
7C4,2015,V,0.103896104,-0.025974026,77,F,M,57.895,4.666666667,3/1/20,264,11/7/05,NA,NA,4332,5228,896,0,6,1.235058937,1.531914894,1
7C4,2016,V,0.33,0.03,100,F,M,64.28571429,6.166666667,3/1/20,264,11/7/05,NA,NA,4332,5228,896,0,5,0.622259213,1.355932203,1
7C4,2017,V,0.262295082,0.016393443,61,F,M,52.08333333,3.666666667,3/1/20,264,11/7/05,NA,NA,4332,5228,896,0,2,1.101872062,0.969072165,1
7F0,2015,KK,0.494845361,0.072164948,97,F,L,0,5.5,11/1/18,230,9/24/07,NA,12/5/18,3646,4056,410,0,7,1.306794409,1.321888412,1
7F0,2017,KK,0.477272727,-0.113636364,44,F,L,8.333,1.833333333,11/1/18,230,9/24/07,NA,12/5/18,3646,4056,410,0,4,2.566521706,1.070422535,1
7G1,2016,V,0.197802198,0.043956044,91,M,L,2.222222222,5.333333333,3/1/20,264,9/23/08,NA,NA,3281,4177,896,0,3,1.136912098,0.813559322,1
7G1,2017,V,0.178571429,0.035714286,56,M,L,18.18181818,3.666666667,3/1/20,264,9/23/08,NA,NA,3281,4177,896,0,1,0.970305248,0.484536082,1
7I8,2017,KK,0.522727273,0,44,F,M,56.25,1.833333333,11/1/18,230,9/3/09,NA,11/28/18,2936,3346,410,0,7,1.415253398,1.873239437,1
7J7,2017,KK,0.586956522,0,46,F,M,75,1.916666667,11/1/18,230,9/19/09,NA,11/7/18,2920,3330,410,0,5,1.676369084,1.338028169,1
7K8,2017,V,0.393442623,0.06557377,61,F,M,54.16666667,3.5,3/1/20,264,9/28/10,NA,NA,2546,3442,896,0,1,0.298702562,0.484536082,1
81O,2015,V,0.179487179,-0.012820513,78,M,M,77.27272727,4.5,3/1/20,264,11/13/00,NA,NA,6152,7048,896,0,2,1.299321459,0.510638298,1
81O,2016,V,0.245098039,0.029411765,102,M,H,80,6.166666667,3/1/20,264,11/13/00,NA,NA,6152,7048,896,0,3,0.345141758,0.813559322,1
81O,2017,V,0.224137931,0.051724138,58,M,H,83.63636364,3.5,3/1/20,264,11/13/00,NA,NA,6152,7048,896,0,2,2.658873507,0.969072165,1
83Z,2015,KK,0.705263158,0.073684211,95,F,L,48.57142857,5.333333333,11/1/18,230,12/16/04,NA,NA,4658,5068,410,0,5,1.796336587,0.944206009,1
83Z,2017,KK,0.52173913,-0.043478261,46,F,L,47.917,1.916666667,11/1/18,230,12/16/04,NA,NA,4658,5068,410,0,9,1.015999352,2.408450704,1
85T,2015,V,0.054054054,0,74,F,L,5.263,4.666666667,3/1/20,264,10/31/03,6/19/19,NA,5070,5710,640,1,3,5.024788505,0.765957447,1
85T,2016,V,0.191919192,-0.02020202,99,F,L,7.142857143,6,3/1/20,264,10/31/03,6/19/19,NA,5070,5710,640,1,2,3.998056792,0.542372881,1
85T,2017,V,0.13559322,0.016949153,59,F,L,2.083333333,3.666666667,3/1/20,264,10/31/03,6/19/19,NA,5070,5710,640,1,5,1.356782763,2.422680412,1
86Z,2015,KK,0.520833333,0,96,F,M,71.42857143,5.5,11/1/18,230,10/19/04,NA,NA,4716,5126,410,0,8,2.155616164,1.510729614,1
86Z,2017,KK,0.681818182,-0.113636364,44,F,M,68.75,1.833333333,11/1/18,230,10/19/04,NA,NA,4716,5126,410,0,5,2.133879475,1.338028169,1
8C9,2017,KK,0.522727273,-0.045454545,44,M,L,8,1.833333333,11/1/18,230,10/29/06,NA,12/11/18,3976,4386,410,0,4,1.431752466,1.070422535,1
8I9,2017,KK,0.47826087,-0.065217391,46,F,L,45.833,1.916666667,11/1/18,230,9/21/09,NA,12/13/18,2918,3328,410,0,6,0.824156349,1.605633803,1
8J3,2017,V,0.24137931,0.017241379,58,M,L,10.90909091,3.666666667,3/1/20,264,9/18/09,NA,NA,2921,3817,896,0,3,1.552411905,1.453608247,1
8K1,2017,V,0.186440678,-0.050847458,59,M,L,49.09090909,3.833333333,3/1/20,264,10/2/10,NA,NA,2542,3438,896,0,2,2.575733626,0.969072165,1
8L3,2017,KK,0.619047619,-0.095238095,42,F,H,95.833,1.75,11/1/18,230,9/27/10,NA,12/11/18,2547,2957,410,0,14,4.601581366,3.746478873,1
90T,2015,V,0.316455696,0.063291139,79,F,L,39.474,4.5,3/1/20,264,11/15/03,NA,NA,5055,5951,896,0,2,0.665835156,0.510638298,1
90T,2016,V,0.413461538,0.048076923,104,F,L,42.85714286,6.166666667,3/1/20,264,11/15/03,NA,NA,5055,5951,896,0,4,8.91093266,1.084745763,1
90T,2017,V,0.37254902,0.019607843,51,F,L,45.83333333,3.5,3/1/20,264,11/15/03,NA,NA,5055,5951,896,0,4,2.890262815,1.93814433,1
93O,2015,KK,0.505263158,0.031578947,95,F,L,31.42857143,5.5,11/1/18,230,12/2/00,NA,12/13/18,6133,6543,410,0,8,2.269695553,1.510729614,1
93O,2017,KK,0.477272727,-0.113636364,44,F,L,27.083,1.833333333,11/1/18,230,12/2/00,NA,12/13/18,6133,6543,410,0,7,1.118014372,1.873239437,1
93T,2015,V,0.207792208,-0.090909091,77,F,L,44.737,4.5,3/1/20,264,11/16/03,NA,NA,5054,5950,896,0,1,6.060937376,0.255319149,1
93T,2016,V,0.287037037,0,108,F,L,47.61904762,6.166666667,3/1/20,264,11/16/03,NA,NA,5054,5950,896,0,3,1.957895063,0.813559322,1
93T,2017,V,0.328358209,0.059701493,67,F,L,47.91666667,3.833333333,3/1/20,264,11/16/03,NA,NA,5054,5950,896,0,2,1.322611938,0.969072165,1
98Z,2015,KK,0.56122449,0.102040816,98,M,L,15,5.5,11/1/18,230,11/21/04,NA,12/13/18,4683,5093,410,0,3,2.980408301,0.566523605,1
98Z,2017,KK,0.47826087,-0.043478261,46,M,M,54.16666667,1.916666667,11/1/18,230,11/21/04,NA,12/13/18,4683,5093,410,0,4,2.097214879,1.070422535,1
9C1,2015,V,0.432432432,0.040540541,74,F,H,81.579,4.5,3/1/20,264,10/26/06,NA,NA,3979,4875,896,0,1,0.06005572,0.255319149,1
9C1,2016,V,0.306930693,0.01980198,101,F,H,85.71428571,6.166666667,3/1/20,264,10/26/06,NA,NA,3979,4875,896,0,1,0.235282091,0.271186441,1
9C1,2017,V,0.35,0.05,60,F,H,83.33333333,3.666666667,3/1/20,264,10/26/06,NA,NA,3979,4875,896,0,1,0.366115984,0.484536082,1
9.00E+03,2016,V,0.152542373,0.033898305,59,M,L,22.22222222,3.333333333,3/1/20,264,11/27/07,NA,NA,3582,4478,896,0,1,0.794791475,0.271186441,1
9.00E+03,2017,V,0.173076923,0.057692308,52,M,L,16.36363636,3.5,3/1/20,264,11/27/07,NA,NA,3582,4478,896,0,0,0,0,1
9.00E+08,2015,V,0.158730159,0.063492063,63,F,L,47.368,4.5,3/1/20,264,1/24/08,7/10/18,NA,3524,3820,296,1,2,6.060937376,0.510638298,1
9.00E+08,2016,V,0.271428571,0.071428571,70,F,M,50,6.166666667,3/1/20,264,1/24/08,7/10/18,NA,3524,3820,296,1,6,4.230949873,1.627118644,1
9.00E+08,2017,V,0.218181818,0.090909091,55,F,M,50,3.666666667,3/1/20,264,1/24/08,7/10/18,NA,3524,3820,296,1,4,1.451442025,1.93814433,1
9H9,2015,KK,0.404255319,-0.021276596,94,F,L,25.71428571,5.333333333,11/1/18,230,9/13/08,7/8/19,NA,3291,3701,410,0,5,2.269695553,0.944206009,1
9H9,2017,KK,0.413043478,-0.152173913,46,F,L,22.917,1.916666667,11/1/18,230,9/13/08,7/8/19,NA,3291,3701,410,0,5,2.945920566,1.338028169,1
9I8,2017,KK,0.630434783,-0.108695652,46,F,L,41.667,1.916666667,11/1/18,230,9/1/09,NA,12/12/18,2938,3348,410,0,3,1.50101667,0.802816901,1
9K9,2017,V,0.074074074,0,54,M,L,34.54545455,3.5,3/1/20,264,10/23/10,NA,NA,2521,3417,896,0,1,0.886431405,0.484536082,1
9L9,2017,KK,0.52173913,-0.108695652,46,F,L,4.167,1.916666667,11/1/18,230,10/27/10,NA,12/11/18,2517,2927,410,0,2,2.791610442,0.535211268,1