dyad,50%,2.5%,97.5%
14E.2E4,0.16,0.04,0.48
14E.1K1,0.1,0.02,0.37
14E.0F0,0.1,0.02,0.37
14E.5C6,0.1,0.02,0.37
14E.9C1,0.1,0.02,0.37
14E.00V,0.1,0.02,0.37
14E.2G4,0.1,0.02,0.37
14E.53Z,0.1,0.02,0.37
14E.1G1,0.1,0.02,0.37
14E.15E,0.1,0.02,0.37
14E.0K0,0.1,0.02,0.37
14E.78I,0.1,0.02,0.37
14E.5E8,0.1,0.02,0.37
14E.7C4,0.1,0.02,0.37
14E.52Z,0.1,0.02,0.37
14E.2I3,0.1,0.02,0.37
14E.1G6,0.1,0.02,0.37
14E.13H,0.1,0.02,0.37
14E.1I7,0.1,0.02,0.37
14E.9E8,0.1,0.02,0.37
14E.93T,0.1,0.02,0.37
14E.45Z,0.09,0.02,0.36
14E.90T,0.1,0.02,0.37
14E.4J4,0.1,0.02,0.37
14E.2G2,0.1,0.02,0.37
14E.47Z,0.1,0.02,0.37
14E.2G3,0.1,0.02,0.37
14E.4C9,0.1,0.02,0.37
14E.1G0,0.1,0.02,0.37
14E.1I5,0.1,0.02,0.37
14E.1K2,0.1,0.02,0.37
14E.1B0,0.1,0.02,0.37
14E.3H0,0.1,0.02,0.37
14E.T03,0.1,0.02,0.37
14E.4C5,0.1,0.02,0.37
14E.3D9,0.1,0.02,0.37
14E.98J,0.1,0.02,0.37
14E.85T,0.1,0.02,0.37
14E.1G4,0.1,0.02,0.37
14E.51Z,0.29,0.1,0.7
14E.1I6,0.1,0.02,0.37
14E.51A,0.37,0.14,0.83
14E.98K,0.1,0.02,0.37
14E.12E,0.36,0.14,0.81
14E.61R,0.1,0.02,0.37
14E.73V,0.12,0.02,0.48
14E.18I,0.09,0.02,0.36
14E.12O,0.1,0.02,0.37
14E.77I,0.1,0.02,0.37
14E.81O,0.1,0.02,0.37
14E.33T,0.1,0.02,0.37
14E.25R,0.1,0.02,0.37
14E.3J7,0.1,0.02,0.37
14E.32Z,0.1,0.02,0.37
14E.4E2,0.1,0.02,0.37
14E.0G1,0.1,0.02,0.37
14E.5E6,0.1,0.02,0.38
14E.1B1,0.1,0.02,0.37
14E.0I9,0.1,0.02,0.37
14E.06O,0.11,0.02,0.44
14E.5I3,0.11,0.02,0.44
14E.2F8,0.1,0.02,0.37
14E.3B9,0.1,0.02,0.37
14E.19T,0.1,0.02,0.37
14E.4G8,0.1,0.02,0.37
14E.3I6,0.1,0.02,0.37
14E.0J4,0.1,0.02,0.37
14E.3I9,0.1,0.02,0.37
14E.0E3,0.1,0.02,0.37
14E.7A2,0.1,0.02,0.37
14E.73S,0.11,0.02,0.42
14E.7F5,0.1,0.02,0.37
14E.04T,0.1,0.02,0.37
14E.1F2,0.1,0.02,0.39
14E.5J1,0.11,0.02,0.42
14E.9E3,0.12,0.02,0.46
14E.36V,0.11,0.02,0.42
14E.3I5,0.12,0.02,0.46
14E.9I9,0.1,0.02,0.37
14E.8D8,0.1,0.02,0.37
14E.5B0,0.1,0.02,0.37
14E.4D3,0.1,0.02,0.37
14E.28B,0.11,0.02,0.46
14E.5I5,0.09,0.02,0.36
14E.7G1,0.1,0.02,0.39
14E.8A9,0.1,0.02,0.39
14E.30Z,0.13,0.02,0.53
14E.9D7,0.13,0.02,0.54
14E.2H6,0.15,0.02,0.64
14E.17K,0.14,0.02,0.59
14E.60E,0.15,0.02,0.64
14E.2C9,0.13,0.02,0.54
2E4.1K1,0.29,0.1,0.69
2E4.0F0,0.15,0.04,0.48
2E4.5C6,0.09,0.02,0.36
2E4.9C1,0.09,0.02,0.36
2E4.00V,0.09,0.02,0.36
2E4.2G4,0.09,0.02,0.36
2E4.53Z,0.15,0.04,0.47
2E4.1G1,0.09,0.02,0.36
2E4.15E,0.15,0.04,0.48
2E4.0K0,0.1,0.02,0.37
2E4.78I,0.09,0.02,0.36
2E4.5E8,0.1,0.02,0.37
2E4.7C4,0.22,0.07,0.59
2E4.52Z,0.09,0.02,0.36
2E4.2I3,0.09,0.02,0.36
2E4.1G6,0.09,0.02,0.36
2E4.13H,0.09,0.02,0.36
2E4.1I7,0.09,0.02,0.36
2E4.9E8,0.09,0.02,0.36
2E4.93T,0.09,0.02,0.36
2E4.45Z,0.15,0.04,0.46
2E4.90T,0.09,0.02,0.36
2E4.4J4,0.09,0.02,0.36
2E4.2G2,0.09,0.02,0.36
2E4.47Z,0.09,0.02,0.36
2E4.2G3,0.09,0.02,0.36
2E4.4C9,0.09,0.02,0.36
2E4.1G0,0.09,0.02,0.36
2E4.1I5,0.09,0.02,0.36
2E4.1K2,0.09,0.02,0.36
2E4.1B0,0.09,0.02,0.36
2E4.3H0,0.09,0.02,0.36
2E4.T03,0.09,0.02,0.36
2E4.4C5,0.09,0.02,0.36
2E4.3D9,0.09,0.02,0.36
2E4.98J,0.1,0.02,0.37
2E4.85T,0.1,0.02,0.37
2E4.1G4,0.09,0.02,0.36
2E4.51Z,0.09,0.02,0.36
2E4.1I6,0.09,0.02,0.36
2E4.51A,0.36,0.14,0.81
2E4.98K,0.09,0.02,0.36
2E4.12E,0.43,0.18,0.89
2E4.61R,0.36,0.14,0.8
2E4.73V,0.12,0.02,0.47
2E4.18I,0.09,0.02,0.35
2E4.12O,0.09,0.02,0.36
2E4.77I,0.09,0.02,0.36
2E4.81O,0.09,0.02,0.36
2E4.33T,0.16,0.04,0.48
2E4.25R,0.09,0.02,0.36
2E4.3J7,0.1,0.02,0.37
2E4.32Z,0.1,0.02,0.37
2E4.4E2,0.09,0.02,0.36
2E4.0G1,0.09,0.02,0.36
2E4.5E6,0.1,0.02,0.37
2E4.1B1,0.1,0.02,0.37
2E4.0I9,0.09,0.02,0.36
2E4.06O,0.11,0.02,0.42
2E4.5I3,0.11,0.02,0.42
2E4.2F8,0.09,0.02,0.36
2E4.3B9,0.09,0.02,0.36
2E4.19T,0.09,0.02,0.36
2E4.4G8,0.09,0.02,0.36
2E4.3I6,0.09,0.02,0.36
2E4.0J4,0.09,0.02,0.36
2E4.3I9,0.1,0.02,0.37
2E4.0E3,0.09,0.02,0.36
2E4.7A2,0.09,0.02,0.36
2E4.73S,0.11,0.02,0.41
2E4.7F5,0.09,0.02,0.36
2E4.04T,0.1,0.02,0.37
2E4.1F2,0.1,0.02,0.38
2E4.5J1,0.11,0.02,0.41
2E4.9E3,0.11,0.02,0.45
2E4.36V,0.11,0.02,0.41
2E4.3I5,0.11,0.02,0.45
2E4.9I9,0.09,0.02,0.36
2E4.8D8,0.1,0.02,0.37
2E4.5B0,0.1,0.02,0.37
2E4.4D3,0.09,0.02,0.36
2E4.28B,0.11,0.02,0.44
2E4.5I5,0.09,0.02,0.35
2E4.7G1,0.1,0.02,0.38
2E4.8A9,0.1,0.02,0.38
2E4.30Z,0.12,0.02,0.51
2E4.9D7,0.13,0.02,0.53
2E4.2H6,0.14,0.02,0.61
2E4.17K,0.14,0.02,0.56
2E4.60E,0.14,0.02,0.61
2E4.2C9,0.13,0.02,0.52
1K1.0F0,0.22,0.07,0.59
1K1.5C6,0.22,0.07,0.59
1K1.9C1,0.1,0.02,0.37
1K1.00V,0.1,0.02,0.37
1K1.2G4,0.1,0.02,0.37
1K1.53Z,0.15,0.04,0.48
1K1.1G1,0.1,0.02,0.37
1K1.15E,0.1,0.02,0.37
1K1.0K0,0.23,0.07,0.6
1K1.78I,0.09,0.02,0.36
1K1.5E8,0.1,0.02,0.37
1K1.7C4,0.1,0.02,0.37
1K1.52Z,0.09,0.02,0.36
1K1.2I3,0.1,0.02,0.37
1K1.1G6,0.1,0.02,0.37
1K1.13H,0.1,0.02,0.37
1K1.1I7,0.1,0.02,0.37
1K1.9E8,0.1,0.02,0.37
1K1.93T,0.1,0.02,0.37
1K1.45Z,0.09,0.02,0.36
1K1.90T,0.1,0.02,0.37
1K1.4J4,0.1,0.02,0.37
1K1.2G2,0.1,0.02,0.37
1K1.47Z,0.1,0.02,0.37
1K1.2G3,0.1,0.02,0.37
1K1.4C9,0.1,0.02,0.37
1K1.1G0,0.1,0.02,0.37
1K1.1I5,0.1,0.02,0.37
1K1.1K2,0.1,0.02,0.37
1K1.1B0,0.1,0.02,0.37
1K1.3H0,0.1,0.02,0.37
1K1.T03,0.09,0.02,0.36
1K1.4C5,0.1,0.02,0.37
1K1.3D9,0.1,0.02,0.37
1K1.98J,0.1,0.02,0.37
1K1.85T,0.1,0.02,0.37
1K1.1G4,0.1,0.02,0.37
1K1.51Z,0.09,0.02,0.36
1K1.1I6,0.1,0.02,0.37
1K1.51A,0.16,0.04,0.49
1K1.98K,0.09,0.02,0.36
1K1.12E,0.09,0.02,0.36
1K1.61R,0.1,0.02,0.37
1K1.73V,0.12,0.02,0.48
1K1.18I,0.09,0.02,0.36
1K1.12O,0.1,0.02,0.37
1K1.77I,0.1,0.02,0.37
1K1.81O,0.1,0.02,0.37
1K1.33T,0.1,0.02,0.37
1K1.25R,0.1,0.02,0.37
1K1.3J7,0.1,0.02,0.37
1K1.32Z,0.1,0.02,0.37
1K1.4E2,0.1,0.02,0.37
1K1.0G1,0.1,0.02,0.37
1K1.5E6,0.1,0.02,0.37
1K1.1B1,0.1,0.02,0.37
1K1.0I9,0.1,0.02,0.37
1K1.06O,0.11,0.02,0.43
1K1.5I3,0.11,0.02,0.43
1K1.2F8,0.09,0.02,0.36
1K1.3B9,0.09,0.02,0.36
1K1.19T,0.1,0.02,0.37
1K1.4G8,0.09,0.02,0.36
1K1.3I6,0.1,0.02,0.37
1K1.0J4,0.1,0.02,0.37
1K1.3I9,0.1,0.02,0.37
1K1.0E3,0.09,0.02,0.36
1K1.7A2,0.09,0.02,0.36
1K1.73S,0.11,0.02,0.42
1K1.7F5,0.1,0.02,0.37
1K1.04T,0.1,0.02,0.37
1K1.1F2,0.1,0.02,0.39
1K1.5J1,0.11,0.02,0.42
1K1.9E3,0.11,0.02,0.46
1K1.36V,0.11,0.02,0.42
1K1.3I5,0.11,0.02,0.46
1K1.9I9,0.1,0.02,0.37
1K1.8D8,0.1,0.02,0.37
1K1.5B0,0.1,0.02,0.37
1K1.4D3,0.09,0.02,0.36
1K1.28B,0.11,0.02,0.45
1K1.5I5,0.09,0.02,0.36
1K1.7G1,0.1,0.02,0.39
1K1.8A9,0.1,0.02,0.39
1K1.30Z,0.13,0.02,0.52
1K1.9D7,0.13,0.02,0.54
1K1.2H6,0.15,0.02,0.62
1K1.17K,0.14,0.02,0.58
1K1.60E,0.15,0.02,0.62
1K1.2C9,0.13,0.02,0.53
0F0.5C6,0.22,0.07,0.59
0F0.9C1,0.1,0.02,0.37
0F0.00V,0.1,0.02,0.37
0F0.2G4,0.1,0.02,0.37
0F0.53Z,0.09,0.02,0.36
0F0.1G1,0.1,0.02,0.37
0F0.15E,0.1,0.02,0.37
0F0.0K0,0.1,0.02,0.37
0F0.78I,0.09,0.02,0.36
0F0.5E8,0.1,0.02,0.37
0F0.7C4,0.1,0.02,0.37
0F0.52Z,0.09,0.02,0.36
0F0.2I3,0.1,0.02,0.37
0F0.1G6,0.1,0.02,0.37
0F0.13H,0.1,0.02,0.37
0F0.1I7,0.1,0.02,0.37
0F0.9E8,0.1,0.02,0.37
0F0.93T,0.1,0.02,0.37
0F0.45Z,0.09,0.02,0.36
0F0.90T,0.1,0.02,0.37
0F0.4J4,0.1,0.02,0.37
0F0.2G2,0.1,0.02,0.37
0F0.47Z,0.1,0.02,0.37
0F0.2G3,0.1,0.02,0.37
0F0.4C9,0.1,0.02,0.37
0F0.1G0,0.1,0.02,0.37
0F0.1I5,0.1,0.02,0.37
0F0.1K2,0.1,0.02,0.37
0F0.1B0,0.1,0.02,0.37
0F0.3H0,0.1,0.02,0.37
0F0.T03,0.09,0.02,0.36
0F0.4C5,0.1,0.02,0.37
0F0.3D9,0.1,0.02,0.37
0F0.98J,0.1,0.02,0.37
0F0.85T,0.1,0.02,0.37
0F0.1G4,0.1,0.02,0.37
0F0.51Z,0.09,0.02,0.36
0F0.1I6,0.1,0.02,0.37
0F0.51A,0.23,0.07,0.6
0F0.98K,0.09,0.02,0.36
0F0.12E,0.09,0.02,0.36
0F0.61R,0.1,0.02,0.37
0F0.73V,0.12,0.02,0.48
0F0.18I,0.09,0.02,0.36
0F0.12O,0.1,0.02,0.37
0F0.77I,0.1,0.02,0.37
0F0.81O,0.1,0.02,0.37
0F0.33T,0.1,0.02,0.37
0F0.25R,0.1,0.02,0.37
0F0.3J7,0.1,0.02,0.37
0F0.32Z,0.1,0.02,0.37
0F0.4E2,0.1,0.02,0.37
0F0.0G1,0.1,0.02,0.37
0F0.5E6,0.1,0.02,0.37
0F0.1B1,0.1,0.02,0.37
0F0.0I9,0.1,0.02,0.37
0F0.06O,0.11,0.02,0.43
0F0.5I3,0.11,0.02,0.43
0F0.2F8,0.09,0.02,0.36
0F0.3B9,0.09,0.02,0.36
0F0.19T,0.1,0.02,0.37
0F0.4G8,0.09,0.02,0.36
0F0.3I6,0.1,0.02,0.37
0F0.0J4,0.1,0.02,0.37
0F0.3I9,0.1,0.02,0.37
0F0.0E3,0.09,0.02,0.36
0F0.7A2,0.09,0.02,0.36
0F0.73S,0.11,0.02,0.42
0F0.7F5,0.1,0.02,0.37
0F0.04T,0.1,0.02,0.37
0F0.1F2,0.1,0.02,0.39
0F0.5J1,0.11,0.02,0.42
0F0.9E3,0.11,0.02,0.46
0F0.36V,0.11,0.02,0.42
0F0.3I5,0.11,0.02,0.46
0F0.9I9,0.1,0.02,0.37
0F0.8D8,0.1,0.02,0.37
0F0.5B0,0.1,0.02,0.37
0F0.4D3,0.09,0.02,0.36
0F0.28B,0.11,0.02,0.45
0F0.5I5,0.09,0.02,0.36
0F0.7G1,0.1,0.02,0.39
0F0.8A9,0.1,0.02,0.39
0F0.30Z,0.13,0.02,0.52
0F0.9D7,0.13,0.02,0.54
0F0.2H6,0.15,0.02,0.62
0F0.17K,0.14,0.02,0.58
0F0.60E,0.15,0.02,0.62
0F0.2C9,0.13,0.02,0.53
5C6.9C1,0.09,0.02,0.36
5C6.00V,0.15,0.04,0.48
5C6.2G4,0.15,0.04,0.48
5C6.53Z,0.09,0.02,0.36
5C6.1G1,0.09,0.02,0.36
5C6.15E,0.09,0.02,0.36
5C6.0K0,0.1,0.02,0.37
5C6.78I,0.09,0.02,0.36
5C6.5E8,0.1,0.02,0.37
5C6.7C4,0.09,0.02,0.36
5C6.52Z,0.09,0.02,0.36
5C6.2I3,0.09,0.02,0.36
5C6.1G6,0.09,0.02,0.36
5C6.13H,0.09,0.02,0.36
5C6.1I7,0.09,0.02,0.36
5C6.9E8,0.09,0.02,0.36
5C6.93T,0.09,0.02,0.36
5C6.45Z,0.09,0.02,0.35
5C6.90T,0.09,0.02,0.36
5C6.4J4,0.09,0.02,0.36
5C6.2G2,0.09,0.02,0.36
5C6.47Z,0.09,0.02,0.36
5C6.2G3,0.09,0.02,0.36
5C6.4C9,0.09,0.02,0.36
5C6.1G0,0.09,0.02,0.36
5C6.1I5,0.09,0.02,0.36
5C6.1K2,0.09,0.02,0.36
5C6.1B0,0.09,0.02,0.36
5C6.3H0,0.09,0.02,0.36
5C6.T03,0.09,0.02,0.36
5C6.4C5,0.09,0.02,0.36
5C6.3D9,0.09,0.02,0.36
5C6.98J,0.1,0.02,0.37
5C6.85T,0.1,0.02,0.37
5C6.1G4,0.09,0.02,0.36
5C6.51Z,0.15,0.04,0.47
5C6.1I6,0.09,0.02,0.36
5C6.51A,0.36,0.14,0.81
5C6.98K,0.09,0.02,0.36
5C6.12E,0.09,0.02,0.36
5C6.61R,0.15,0.04,0.48
5C6.73V,0.12,0.02,0.47
5C6.18I,0.09,0.02,0.35
5C6.12O,0.09,0.02,0.36
5C6.77I,0.09,0.02,0.36
5C6.81O,0.09,0.02,0.36
5C6.33T,0.1,0.02,0.37
5C6.25R,0.09,0.02,0.36
5C6.3J7,0.1,0.02,0.37
5C6.32Z,0.1,0.02,0.37
5C6.4E2,0.09,0.02,0.36
5C6.0G1,0.09,0.02,0.36
5C6.5E6,0.1,0.02,0.37
5C6.1B1,0.1,0.02,0.37
5C6.0I9,0.09,0.02,0.36
5C6.06O,0.11,0.02,0.42
5C6.5I3,0.11,0.02,0.42
5C6.2F8,0.09,0.02,0.36
5C6.3B9,0.09,0.02,0.36
5C6.19T,0.09,0.02,0.36
5C6.4G8,0.09,0.02,0.36
5C6.3I6,0.09,0.02,0.36
5C6.0J4,0.09,0.02,0.36
5C6.3I9,0.1,0.02,0.37
5C6.0E3,0.09,0.02,0.36
5C6.7A2,0.09,0.02,0.36
5C6.73S,0.11,0.02,0.41
5C6.7F5,0.09,0.02,0.36
5C6.04T,0.1,0.02,0.37
5C6.1F2,0.1,0.02,0.38
5C6.5J1,0.11,0.02,0.41
5C6.9E3,0.11,0.02,0.45
5C6.36V,0.11,0.02,0.41
5C6.3I5,0.11,0.02,0.45
5C6.9I9,0.09,0.02,0.36
5C6.8D8,0.1,0.02,0.37
5C6.5B0,0.1,0.02,0.37
5C6.4D3,0.09,0.02,0.36
5C6.28B,0.11,0.02,0.44
5C6.5I5,0.09,0.02,0.35
5C6.7G1,0.1,0.02,0.38
5C6.8A9,0.16,0.04,0.51
5C6.30Z,0.21,0.05,0.68
5C6.9D7,0.13,0.02,0.53
5C6.2H6,0.14,0.02,0.61
5C6.17K,0.14,0.02,0.56
5C6.60E,0.14,0.02,0.61
5C6.2C9,0.13,0.02,0.52
9C1.00V,0.16,0.04,0.48
9C1.2G4,0.16,0.04,0.48
9C1.53Z,0.15,0.04,0.48
9C1.1G1,0.1,0.02,0.37
9C1.15E,0.1,0.02,0.37
9C1.0K0,0.1,0.02,0.37
9C1.78I,0.09,0.02,0.36
9C1.5E8,0.1,0.02,0.37
9C1.7C4,0.1,0.02,0.37
9C1.52Z,0.09,0.02,0.36
9C1.2I3,0.1,0.02,0.37
9C1.1G6,0.1,0.02,0.37
9C1.13H,0.1,0.02,0.37
9C1.1I7,0.1,0.02,0.37
9C1.9E8,0.1,0.02,0.37
9C1.93T,0.1,0.02,0.37
9C1.45Z,0.09,0.02,0.36
9C1.90T,0.1,0.02,0.37
9C1.4J4,0.1,0.02,0.37
9C1.2G2,0.1,0.02,0.37
9C1.47Z,0.1,0.02,0.37
9C1.2G3,0.1,0.02,0.37
9C1.4C9,0.1,0.02,0.37
9C1.1G0,0.1,0.02,0.37
9C1.1I5,0.1,0.02,0.37
9C1.1K2,0.1,0.02,0.37
9C1.1B0,0.1,0.02,0.37
9C1.3H0,0.1,0.02,0.37
9C1.T03,0.09,0.02,0.36
9C1.4C5,0.1,0.02,0.37
9C1.3D9,0.1,0.02,0.37
9C1.98J,0.1,0.02,0.37
9C1.85T,0.1,0.02,0.37
9C1.1G4,0.1,0.02,0.37
9C1.51Z,0.09,0.02,0.36
9C1.1I6,0.1,0.02,0.37
9C1.51A,0.1,0.02,0.37
9C1.98K,0.09,0.02,0.36
9C1.12E,0.15,0.04,0.48
9C1.61R,0.29,0.1,0.7
9C1.73V,0.12,0.02,0.48
9C1.18I,0.09,0.02,0.36
9C1.12O,0.1,0.02,0.37
9C1.77I,0.1,0.02,0.37
9C1.81O,0.1,0.02,0.37
9C1.33T,0.1,0.02,0.37
9C1.25R,0.1,0.02,0.37
9C1.3J7,0.1,0.02,0.37
9C1.32Z,0.1,0.02,0.37
9C1.4E2,0.1,0.02,0.37
9C1.0G1,0.1,0.02,0.37
9C1.5E6,0.1,0.02,0.37
9C1.1B1,0.1,0.02,0.37
9C1.0I9,0.1,0.02,0.37
9C1.06O,0.11,0.02,0.43
9C1.5I3,0.11,0.02,0.43
9C1.2F8,0.09,0.02,0.36
9C1.3B9,0.09,0.02,0.36
9C1.19T,0.1,0.02,0.37
9C1.4G8,0.09,0.02,0.36
9C1.3I6,0.1,0.02,0.37
9C1.0J4,0.1,0.02,0.37
9C1.3I9,0.1,0.02,0.37
9C1.0E3,0.09,0.02,0.36
9C1.7A2,0.09,0.02,0.36
9C1.73S,0.11,0.02,0.42
9C1.7F5,0.16,0.04,0.48
9C1.04T,0.1,0.02,0.37
9C1.1F2,0.1,0.02,0.39
9C1.5J1,0.11,0.02,0.42
9C1.9E3,0.11,0.02,0.46
9C1.36V,0.11,0.02,0.42
9C1.3I5,0.11,0.02,0.46
9C1.9I9,0.1,0.02,0.37
9C1.8D8,0.1,0.02,0.37
9C1.5B0,0.1,0.02,0.37
9C1.4D3,0.09,0.02,0.36
9C1.28B,0.11,0.02,0.45
9C1.5I5,0.09,0.02,0.36
9C1.7G1,0.1,0.02,0.39
9C1.8A9,0.1,0.02,0.39
9C1.30Z,0.13,0.02,0.52
9C1.9D7,0.13,0.02,0.54
9C1.2H6,0.15,0.02,0.62
9C1.17K,0.14,0.02,0.58
9C1.60E,0.15,0.02,0.62
9C1.2C9,0.13,0.02,0.53
00V.2G4,0.44,0.18,0.92
00V.53Z,0.43,0.18,0.9
00V.1G1,0.22,0.07,0.59
00V.15E,0.1,0.02,0.37
00V.0K0,0.1,0.02,0.37
00V.78I,0.43,0.18,0.9
00V.5E8,0.16,0.04,0.49
00V.7C4,0.1,0.02,0.37
00V.52Z,0.09,0.02,0.36
00V.2I3,0.16,0.04,0.48
00V.1G6,0.1,0.02,0.37
00V.13H,0.1,0.02,0.37
00V.1I7,0.1,0.02,0.37
00V.9E8,0.1,0.02,0.37
00V.93T,0.1,0.02,0.37
00V.45Z,0.09,0.02,0.36
00V.90T,0.1,0.02,0.37
00V.4J4,0.1,0.02,0.37
00V.2G2,0.1,0.02,0.37
00V.47Z,0.1,0.02,0.37
00V.2G3,0.1,0.02,0.37
00V.4C9,0.1,0.02,0.37
00V.1G0,0.1,0.02,0.37
00V.1I5,0.1,0.02,0.37
00V.1K2,0.1,0.02,0.37
00V.1B0,0.16,0.04,0.48
00V.3H0,0.1,0.02,0.37
00V.T03,0.09,0.02,0.36
00V.4C5,0.1,0.02,0.37
00V.3D9,0.1,0.02,0.37
00V.98J,0.1,0.02,0.37
00V.85T,0.1,0.02,0.37
00V.1G4,0.16,0.04,0.48
00V.51Z,0.09,0.02,0.36
00V.1I6,0.1,0.02,0.37
00V.51A,0.1,0.02,0.37
00V.98K,0.29,0.1,0.69
00V.12E,0.15,0.04,0.48
00V.61R,0.1,0.02,0.37
00V.73V,0.12,0.02,0.48
00V.18I,0.09,0.02,0.36
00V.12O,0.1,0.02,0.37
00V.77I,0.1,0.02,0.37
00V.81O,0.1,0.02,0.37
00V.33T,0.1,0.02,0.37
00V.25R,0.1,0.02,0.37
00V.3J7,0.1,0.02,0.37
00V.32Z,0.1,0.02,0.37
00V.4E2,0.1,0.02,0.37
00V.0G1,0.1,0.02,0.37
00V.5E6,0.1,0.02,0.37
00V.1B1,0.1,0.02,0.37
00V.0I9,0.1,0.02,0.37
00V.06O,0.11,0.02,0.43
00V.5I3,0.11,0.02,0.43
00V.2F8,0.09,0.02,0.36
00V.3B9,0.09,0.02,0.36
00V.19T,0.1,0.02,0.37
00V.4G8,0.09,0.02,0.36
00V.3I6,0.1,0.02,0.37
00V.0J4,0.1,0.02,0.37
00V.3I9,0.1,0.02,0.37
00V.0E3,0.09,0.02,0.36
00V.7A2,0.09,0.02,0.36
00V.73S,0.11,0.02,0.42
00V.7F5,0.1,0.02,0.37
00V.04T,0.1,0.02,0.37
00V.1F2,0.1,0.02,0.39
00V.5J1,0.11,0.02,0.42
00V.9E3,0.11,0.02,0.46
00V.36V,0.11,0.02,0.42
00V.3I5,0.11,0.02,0.46
00V.9I9,0.1,0.02,0.37
00V.8D8,0.1,0.02,0.37
00V.5B0,0.1,0.02,0.37
00V.4D3,0.09,0.02,0.36
00V.28B,0.11,0.02,0.45
00V.5I5,0.09,0.02,0.36
00V.7G1,0.1,0.02,0.39
00V.8A9,0.1,0.02,0.39
00V.30Z,0.13,0.02,0.52
00V.9D7,0.13,0.02,0.54
00V.2H6,0.15,0.02,0.62
00V.17K,0.14,0.02,0.58
00V.60E,0.15,0.02,0.62
00V.2C9,0.13,0.02,0.53
2G4.53Z,0.29,0.1,0.69
2G4.1G1,0.1,0.02,0.37
2G4.15E,0.1,0.02,0.37
2G4.0K0,0.1,0.02,0.37
2G4.78I,0.09,0.02,0.36
2G4.5E8,0.1,0.02,0.37
2G4.7C4,0.1,0.02,0.37
2G4.52Z,0.09,0.02,0.36
2G4.2I3,0.1,0.02,0.37
2G4.1G6,0.16,0.04,0.48
2G4.13H,0.1,0.02,0.37
2G4.1I7,0.1,0.02,0.37
2G4.9E8,0.1,0.02,0.37
2G4.93T,0.1,0.02,0.37
2G4.45Z,0.09,0.02,0.36
2G4.90T,0.1,0.02,0.37
2G4.4J4,0.1,0.02,0.37
2G4.2G2,0.1,0.02,0.37
2G4.47Z,0.1,0.02,0.37
2G4.2G3,0.1,0.02,0.37
2G4.4C9,0.1,0.02,0.37
2G4.1G0,0.1,0.02,0.37
2G4.1I5,0.1,0.02,0.37
2G4.1K2,0.1,0.02,0.37
2G4.1B0,0.1,0.02,0.37
2G4.3H0,0.16,0.04,0.48
2G4.T03,0.09,0.02,0.36
2G4.4C5,0.1,0.02,0.37
2G4.3D9,0.1,0.02,0.37
2G4.98J,0.1,0.02,0.37
2G4.85T,0.1,0.02,0.37
2G4.1G4,0.1,0.02,0.37
2G4.51Z,0.09,0.02,0.36
2G4.1I6,0.1,0.02,0.37
2G4.51A,0.1,0.02,0.37
2G4.98K,0.09,0.02,0.36
2G4.12E,0.15,0.04,0.48
2G4.61R,0.1,0.02,0.37
2G4.73V,0.12,0.02,0.48
2G4.18I,0.15,0.04,0.47
2G4.12O,0.1,0.02,0.37
2G4.77I,0.1,0.02,0.37
2G4.81O,0.1,0.02,0.37
2G4.33T,0.1,0.02,0.37
2G4.25R,0.1,0.02,0.37
2G4.3J7,0.1,0.02,0.37
2G4.32Z,0.1,0.02,0.37
2G4.4E2,0.1,0.02,0.37
2G4.0G1,0.1,0.02,0.37
2G4.5E6,0.1,0.02,0.37
2G4.1B1,0.1,0.02,0.37
2G4.0I9,0.1,0.02,0.37
2G4.06O,0.11,0.02,0.43
2G4.5I3,0.11,0.02,0.43
2G4.2F8,0.09,0.02,0.36
2G4.3B9,0.09,0.02,0.36
2G4.19T,0.1,0.02,0.37
2G4.4G8,0.09,0.02,0.36
2G4.3I6,0.1,0.02,0.37
2G4.0J4,0.1,0.02,0.37
2G4.3I9,0.1,0.02,0.37
2G4.0E3,0.09,0.02,0.36
2G4.7A2,0.09,0.02,0.36
2G4.73S,0.11,0.02,0.42
2G4.7F5,0.1,0.02,0.37
2G4.04T,0.1,0.02,0.37
2G4.1F2,0.1,0.02,0.39
2G4.5J1,0.11,0.02,0.42
2G4.9E3,0.11,0.02,0.46
2G4.36V,0.11,0.02,0.42
2G4.3I5,0.11,0.02,0.46
2G4.9I9,0.1,0.02,0.37
2G4.8D8,0.1,0.02,0.37
2G4.5B0,0.1,0.02,0.37
2G4.4D3,0.09,0.02,0.36
2G4.28B,0.11,0.02,0.45
2G4.5I5,0.09,0.02,0.36
2G4.7G1,0.1,0.02,0.39
2G4.8A9,0.1,0.02,0.39
2G4.30Z,0.13,0.02,0.52
2G4.9D7,0.13,0.02,0.54
2G4.2H6,0.15,0.02,0.62
2G4.17K,0.14,0.02,0.58
2G4.60E,0.15,0.02,0.62
2G4.2C9,0.13,0.02,0.53
53Z.1G1,0.09,0.02,0.36
53Z.15E,0.09,0.02,0.36
53Z.0K0,0.1,0.02,0.37
53Z.78I,0.09,0.02,0.36
53Z.5E8,0.1,0.02,0.37
53Z.7C4,0.09,0.02,0.36
53Z.52Z,0.09,0.02,0.36
53Z.2I3,0.15,0.04,0.48
53Z.1G6,0.09,0.02,0.36
53Z.13H,0.09,0.02,0.36
53Z.1I7,0.09,0.02,0.36
53Z.9E8,0.09,0.02,0.36
53Z.93T,0.09,0.02,0.36
53Z.45Z,0.09,0.02,0.35
53Z.90T,0.15,0.04,0.48
53Z.4J4,0.09,0.02,0.36
53Z.2G2,0.09,0.02,0.36
53Z.47Z,0.22,0.07,0.59
53Z.2G3,0.09,0.02,0.36
53Z.4C9,0.09,0.02,0.36
53Z.1G0,0.09,0.02,0.36
53Z.1I5,0.09,0.02,0.36
53Z.1K2,0.09,0.02,0.36
53Z.1B0,0.09,0.02,0.36
53Z.3H0,0.09,0.02,0.36
53Z.T03,0.09,0.02,0.36
53Z.4C5,0.09,0.02,0.36
53Z.3D9,0.09,0.02,0.36
53Z.98J,0.1,0.02,0.37
53Z.85T,0.1,0.02,0.37
53Z.1G4,0.15,0.04,0.48
53Z.51Z,0.09,0.02,0.36
53Z.1I6,0.09,0.02,0.36
53Z.51A,0.1,0.02,0.37
53Z.98K,0.22,0.07,0.58
53Z.12E,0.09,0.02,0.36
53Z.61R,0.09,0.02,0.36
53Z.73V,0.12,0.02,0.47
53Z.18I,0.09,0.02,0.35
53Z.12O,0.09,0.02,0.36
53Z.77I,0.09,0.02,0.36
53Z.81O,0.09,0.02,0.36
53Z.33T,0.1,0.02,0.37
53Z.25R,0.09,0.02,0.36
53Z.3J7,0.1,0.02,0.37
53Z.32Z,0.1,0.02,0.37
53Z.4E2,0.09,0.02,0.36
53Z.0G1,0.09,0.02,0.36
53Z.5E6,0.1,0.02,0.37
53Z.1B1,0.1,0.02,0.37
53Z.0I9,0.09,0.02,0.36
53Z.06O,0.11,0.02,0.42
53Z.5I3,0.11,0.02,0.42
53Z.2F8,0.09,0.02,0.36
53Z.3B9,0.09,0.02,0.36
53Z.19T,0.09,0.02,0.36
53Z.4G8,0.09,0.02,0.36
53Z.3I6,0.09,0.02,0.36
53Z.0J4,0.09,0.02,0.36
53Z.3I9,0.1,0.02,0.37
53Z.0E3,0.09,0.02,0.36
53Z.7A2,0.09,0.02,0.36
53Z.73S,0.11,0.02,0.41
53Z.7F5,0.09,0.02,0.36
53Z.04T,0.1,0.02,0.37
53Z.1F2,0.1,0.02,0.38
53Z.5J1,0.11,0.02,0.41
53Z.9E3,0.11,0.02,0.45
53Z.36V,0.11,0.02,0.41
53Z.3I5,0.11,0.02,0.45
53Z.9I9,0.09,0.02,0.36
53Z.8D8,0.1,0.02,0.37
53Z.5B0,0.1,0.02,0.37
53Z.4D3,0.09,0.02,0.36
53Z.28B,0.11,0.02,0.44
53Z.5I5,0.09,0.02,0.35
53Z.7G1,0.1,0.02,0.38
53Z.8A9,0.1,0.02,0.38
53Z.30Z,0.12,0.02,0.51
53Z.9D7,0.13,0.02,0.53
53Z.2H6,0.14,0.02,0.61
53Z.17K,0.14,0.02,0.56
53Z.60E,0.14,0.02,0.61
53Z.2C9,0.13,0.02,0.52
1G1.15E,0.1,0.02,0.37
1G1.0K0,0.1,0.02,0.37
1G1.78I,0.09,0.02,0.36
1G1.5E8,0.1,0.02,0.37
1G1.7C4,0.1,0.02,0.37
1G1.52Z,0.09,0.02,0.36
1G1.2I3,0.1,0.02,0.37
1G1.1G6,0.1,0.02,0.37
1G1.13H,0.1,0.02,0.37
1G1.1I7,0.16,0.04,0.48
1G1.9E8,0.1,0.02,0.37
1G1.93T,0.1,0.02,0.37
1G1.45Z,0.09,0.02,0.36
1G1.90T,0.1,0.02,0.37
1G1.4J4,0.1,0.02,0.37
1G1.2G2,0.1,0.02,0.37
1G1.47Z,0.1,0.02,0.37
1G1.2G3,0.1,0.02,0.37
1G1.4C9,0.1,0.02,0.37
1G1.1G0,0.1,0.02,0.37
1G1.1I5,0.1,0.02,0.37
1G1.1K2,0.1,0.02,0.37
1G1.1B0,0.1,0.02,0.37
1G1.3H0,0.16,0.04,0.48
1G1.T03,0.09,0.02,0.36
1G1.4C5,0.1,0.02,0.37
1G1.3D9,0.1,0.02,0.37
1G1.98J,0.1,0.02,0.37
1G1.85T,0.1,0.02,0.37
1G1.1G4,0.1,0.02,0.37
1G1.51Z,0.15,0.04,0.48
1G1.1I6,0.1,0.02,0.37
1G1.51A,0.1,0.02,0.37
1G1.98K,0.09,0.02,0.36
1G1.12E,0.09,0.02,0.36
1G1.61R,0.1,0.02,0.37
1G1.73V,0.12,0.02,0.48
1G1.18I,0.15,0.04,0.47
1G1.12O,0.16,0.04,0.48
1G1.77I,0.22,0.07,0.59
1G1.81O,0.1,0.02,0.37
1G1.33T,0.1,0.02,0.37
1G1.25R,0.1,0.02,0.37
1G1.3J7,0.1,0.02,0.37
1G1.32Z,0.1,0.02,0.37
1G1.4E2,0.1,0.02,0.37
1G1.0G1,0.1,0.02,0.37
1G1.5E6,0.3,0.1,0.72
1G1.1B1,0.1,0.02,0.37
1G1.0I9,0.1,0.02,0.37
1G1.06O,0.11,0.02,0.43
1G1.5I3,0.11,0.02,0.43
1G1.2F8,0.09,0.02,0.36
1G1.3B9,0.09,0.02,0.36
1G1.19T,0.1,0.02,0.37
1G1.4G8,0.09,0.02,0.36
1G1.3I6,0.1,0.02,0.37
1G1.0J4,0.1,0.02,0.37
1G1.3I9,0.1,0.02,0.37
1G1.0E3,0.09,0.02,0.36
1G1.7A2,0.09,0.02,0.36
1G1.73S,0.11,0.02,0.42
1G1.7F5,0.1,0.02,0.37
1G1.04T,0.1,0.02,0.37
1G1.1F2,0.1,0.02,0.39
1G1.5J1,0.11,0.02,0.42
1G1.9E3,0.11,0.02,0.46
1G1.36V,0.11,0.02,0.42
1G1.3I5,0.11,0.02,0.46
1G1.9I9,0.1,0.02,0.37
1G1.8D8,0.37,0.14,0.82
1G1.5B0,0.1,0.02,0.37
1G1.4D3,0.09,0.02,0.36
1G1.28B,0.11,0.02,0.45
1G1.5I5,0.09,0.02,0.36
1G1.7G1,0.1,0.02,0.39
1G1.8A9,0.1,0.02,0.39
1G1.30Z,0.13,0.02,0.52
1G1.9D7,0.13,0.02,0.54
1G1.2H6,0.15,0.02,0.62
1G1.17K,0.14,0.02,0.58
1G1.60E,0.15,0.02,0.62
1G1.2C9,0.13,0.02,0.53
15E.0K0,0.23,0.07,0.6
15E.78I,0.09,0.02,0.36
15E.5E8,0.1,0.02,0.37
15E.7C4,0.1,0.02,0.37
15E.52Z,0.09,0.02,0.36
15E.2I3,0.1,0.02,0.37
15E.1G6,0.16,0.04,0.48
15E.13H,0.1,0.02,0.37
15E.1I7,0.1,0.02,0.37
15E.9E8,0.1,0.02,0.37
15E.93T,0.1,0.02,0.37
15E.45Z,0.09,0.02,0.36
15E.90T,0.1,0.02,0.37
15E.4J4,0.1,0.02,0.37
15E.2G2,0.1,0.02,0.37
15E.47Z,0.1,0.02,0.37
15E.2G3,0.1,0.02,0.37
15E.4C9,0.16,0.04,0.48
15E.1G0,0.1,0.02,0.37
15E.1I5,0.1,0.02,0.37
15E.1K2,0.1,0.02,0.37
15E.1B0,0.1,0.02,0.37
15E.3H0,0.1,0.02,0.37
15E.T03,0.09,0.02,0.36
15E.4C5,0.1,0.02,0.37
15E.3D9,0.1,0.02,0.37
15E.98J,0.1,0.02,0.37
15E.85T,0.1,0.02,0.37
15E.1G4,0.1,0.02,0.37
15E.51Z,0.09,0.02,0.36
15E.1I6,0.1,0.02,0.37
15E.51A,0.1,0.02,0.37
15E.98K,0.09,0.02,0.36
15E.12E,0.51,0.22,1.01
15E.61R,0.16,0.04,0.48
15E.73V,0.12,0.02,0.48
15E.18I,0.09,0.02,0.36
15E.12O,0.1,0.02,0.37
15E.77I,0.1,0.02,0.37
15E.81O,0.1,0.02,0.37
15E.33T,0.1,0.02,0.37
15E.25R,0.1,0.02,0.37
15E.3J7,0.1,0.02,0.37
15E.32Z,0.1,0.02,0.37
15E.4E2,0.1,0.02,0.37
15E.0G1,0.1,0.02,0.37
15E.5E6,0.1,0.02,0.37
15E.1B1,0.1,0.02,0.37
15E.0I9,0.1,0.02,0.37
15E.06O,0.11,0.02,0.43
15E.5I3,0.11,0.02,0.43
15E.2F8,0.09,0.02,0.36
15E.3B9,0.09,0.02,0.36
15E.19T,0.1,0.02,0.37
15E.4G8,0.09,0.02,0.36
15E.3I6,0.1,0.02,0.37
15E.0J4,0.1,0.02,0.37
15E.3I9,0.1,0.02,0.37
15E.0E3,0.09,0.02,0.36
15E.7A2,0.09,0.02,0.36
15E.73S,0.11,0.02,0.42
15E.7F5,0.1,0.02,0.37
15E.04T,0.1,0.02,0.37
15E.1F2,0.1,0.02,0.39
15E.5J1,0.11,0.02,0.42
15E.9E3,0.11,0.02,0.46
15E.36V,0.11,0.02,0.42
15E.3I5,0.11,0.02,0.46
15E.9I9,0.1,0.02,0.37
15E.8D8,0.1,0.02,0.37
15E.5B0,0.1,0.02,0.37
15E.4D3,0.09,0.02,0.36
15E.28B,0.11,0.02,0.45
15E.5I5,0.09,0.02,0.36
15E.7G1,0.1,0.02,0.39
15E.8A9,0.1,0.02,0.39
15E.30Z,0.13,0.02,0.52
15E.9D7,0.13,0.02,0.54
15E.2H6,0.15,0.02,0.62
15E.17K,0.14,0.02,0.58
15E.60E,0.15,0.02,0.62
15E.2C9,0.13,0.02,0.53
0K0.78I,0.1,0.02,0.37
0K0.5E8,0.1,0.02,0.37
0K0.7C4,0.1,0.02,0.37
0K0.52Z,0.1,0.02,0.37
0K0.2I3,0.16,0.04,0.49
0K0.1G6,0.16,0.04,0.49
0K0.13H,0.1,0.02,0.37
0K0.1I7,0.1,0.02,0.37
0K0.9E8,0.16,0.04,0.49
0K0.93T,0.1,0.02,0.37
0K0.45Z,0.09,0.02,0.36
0K0.90T,0.3,0.1,0.71
0K0.4J4,0.1,0.02,0.37
0K0.2G2,0.1,0.02,0.37
0K0.47Z,0.1,0.02,0.37
0K0.2G3,0.1,0.02,0.37
0K0.4C9,0.1,0.02,0.37
0K0.1G0,0.1,0.02,0.37
0K0.1I5,0.1,0.02,0.37
0K0.1K2,0.1,0.02,0.37
0K0.1B0,0.1,0.02,0.37
0K0.3H0,0.1,0.02,0.37
0K0.T03,0.1,0.02,0.37
0K0.4C5,0.1,0.02,0.37
0K0.3D9,0.1,0.02,0.37
0K0.98J,0.1,0.02,0.37
0K0.85T,0.1,0.02,0.37
0K0.1G4,0.1,0.02,0.37
0K0.51Z,0.16,0.04,0.48
0K0.1I6,0.1,0.02,0.37
0K0.51A,0.1,0.02,0.37
0K0.98K,0.1,0.02,0.37
0K0.12E,0.1,0.02,0.37
0K0.61R,0.1,0.02,0.37
0K0.73V,0.12,0.02,0.48
0K0.18I,0.09,0.02,0.36
0K0.12O,0.1,0.02,0.37
0K0.77I,0.1,0.02,0.37
0K0.81O,0.1,0.02,0.37
0K0.33T,0.1,0.02,0.37
0K0.25R,0.1,0.02,0.37
0K0.3J7,0.1,0.02,0.37
0K0.32Z,0.1,0.02,0.37
0K0.4E2,0.1,0.02,0.37
0K0.0G1,0.1,0.02,0.37
0K0.5E6,0.1,0.02,0.38
0K0.1B1,0.1,0.02,0.37
0K0.0I9,0.1,0.02,0.37
0K0.06O,0.11,0.02,0.44
0K0.5I3,0.11,0.02,0.44
0K0.2F8,0.1,0.02,0.37
0K0.3B9,0.1,0.02,0.37
0K0.19T,0.1,0.02,0.37
0K0.4G8,0.1,0.02,0.37
0K0.3I6,0.1,0.02,0.37
0K0.0J4,0.1,0.02,0.37
0K0.3I9,0.1,0.02,0.37
0K0.0E3,0.1,0.02,0.37
0K0.7A2,0.1,0.02,0.37
0K0.73S,0.11,0.02,0.42
0K0.7F5,0.1,0.02,0.37
0K0.04T,0.1,0.02,0.37
0K0.1F2,0.1,0.02,0.39
0K0.5J1,0.11,0.02,0.42
0K0.9E3,0.12,0.02,0.46
0K0.36V,0.11,0.02,0.42
0K0.3I5,0.12,0.02,0.46
0K0.9I9,0.1,0.02,0.37
0K0.8D8,0.1,0.02,0.37
0K0.5B0,0.1,0.02,0.37
0K0.4D3,0.1,0.02,0.37
0K0.28B,0.11,0.02,0.46
0K0.5I5,0.09,0.02,0.36
0K0.7G1,0.1,0.02,0.39
0K0.8A9,0.1,0.02,0.39
0K0.30Z,0.13,0.02,0.53
0K0.9D7,0.13,0.02,0.54
0K0.2H6,0.15,0.02,0.64
0K0.17K,0.14,0.02,0.59
0K0.60E,0.15,0.02,0.64
0K0.2C9,0.13,0.02,0.54
78I.5E8,0.16,0.04,0.48
78I.7C4,0.36,0.14,0.8
78I.52Z,0.29,0.1,0.69
78I.2I3,0.09,0.02,0.36
78I.1G6,0.15,0.04,0.48
78I.13H,0.09,0.02,0.36
78I.1I7,0.09,0.02,0.36
78I.9E8,0.15,0.04,0.48
78I.93T,0.09,0.02,0.36
78I.45Z,0.09,0.02,0.35
78I.90T,0.09,0.02,0.36
78I.4J4,0.09,0.02,0.36
78I.2G2,0.09,0.02,0.36
78I.47Z,0.09,0.02,0.36
78I.2G3,0.09,0.02,0.36
78I.4C9,0.09,0.02,0.36
78I.1G0,0.09,0.02,0.36
78I.1I5,0.09,0.02,0.36
78I.1K2,0.09,0.02,0.36
78I.1B0,0.09,0.02,0.36
78I.3H0,0.09,0.02,0.36
78I.T03,0.09,0.02,0.36
78I.4C5,0.09,0.02,0.36
78I.3D9,0.09,0.02,0.36
78I.98J,0.1,0.02,0.37
78I.85T,0.1,0.02,0.37
78I.1G4,0.09,0.02,0.36
78I.51Z,0.09,0.02,0.36
78I.1I6,0.09,0.02,0.36
78I.51A,0.1,0.02,0.37
78I.98K,0.22,0.07,0.58
78I.12E,0.09,0.02,0.36
78I.61R,0.09,0.02,0.36
78I.73V,0.12,0.02,0.47
78I.18I,0.35,0.14,0.78
78I.12O,0.09,0.02,0.36
78I.77I,0.09,0.02,0.36
78I.81O,0.09,0.02,0.36
78I.33T,0.1,0.02,0.37
78I.25R,0.09,0.02,0.36
78I.3J7,0.1,0.02,0.37
78I.32Z,0.1,0.02,0.37
78I.4E2,0.09,0.02,0.36
78I.0G1,0.09,0.02,0.36
78I.5E6,0.1,0.02,0.37
78I.1B1,0.1,0.02,0.37
78I.0I9,0.09,0.02,0.36
78I.06O,0.11,0.02,0.42
78I.5I3,0.11,0.02,0.42
78I.2F8,0.09,0.02,0.36
78I.3B9,0.09,0.02,0.36
78I.19T,0.09,0.02,0.36
78I.4G8,0.09,0.02,0.36
78I.3I6,0.09,0.02,0.36
78I.0J4,0.09,0.02,0.36
78I.3I9,0.1,0.02,0.37
78I.0E3,0.09,0.02,0.36
78I.7A2,0.09,0.02,0.36
78I.73S,0.11,0.02,0.41
78I.7F5,0.09,0.02,0.36
78I.04T,0.1,0.02,0.37
78I.1F2,0.1,0.02,0.38
78I.5J1,0.11,0.02,0.41
78I.9E3,0.11,0.02,0.45
78I.36V,0.11,0.02,0.41
78I.3I5,0.11,0.02,0.45
78I.9I9,0.09,0.02,0.36
78I.8D8,0.1,0.02,0.37
78I.5B0,0.1,0.02,0.37
78I.4D3,0.09,0.02,0.36
78I.28B,0.11,0.02,0.44
78I.5I5,0.09,0.02,0.35
78I.7G1,0.1,0.02,0.38
78I.8A9,0.1,0.02,0.38
78I.30Z,0.12,0.02,0.51
78I.9D7,0.13,0.02,0.53
78I.2H6,0.14,0.02,0.61
78I.17K,0.14,0.02,0.56
78I.60E,0.14,0.02,0.61
78I.2C9,0.13,0.02,0.52
5E8.7C4,0.1,0.02,0.37
5E8.52Z,0.1,0.02,0.37
5E8.2I3,0.1,0.02,0.37
5E8.1G6,0.16,0.04,0.49
5E8.13H,0.1,0.02,0.37
5E8.1I7,0.1,0.02,0.37
5E8.9E8,0.1,0.02,0.37
5E8.93T,0.1,0.02,0.37
5E8.45Z,0.09,0.02,0.36
5E8.90T,0.1,0.02,0.37
5E8.4J4,0.1,0.02,0.37
5E8.2G2,0.1,0.02,0.37
5E8.47Z,0.1,0.02,0.37
5E8.2G3,0.1,0.02,0.37
5E8.4C9,0.1,0.02,0.37
5E8.1G0,0.1,0.02,0.37
5E8.1I5,0.1,0.02,0.37
5E8.1K2,0.1,0.02,0.37
5E8.1B0,0.1,0.02,0.37
5E8.3H0,0.1,0.02,0.37
5E8.T03,0.1,0.02,0.37
5E8.4C5,0.16,0.04,0.49
5E8.3D9,0.1,0.02,0.37
5E8.98J,0.1,0.02,0.37
5E8.85T,0.1,0.02,0.37
5E8.1G4,0.1,0.02,0.37
5E8.51Z,0.1,0.02,0.37
5E8.1I6,0.1,0.02,0.37
5E8.51A,0.1,0.02,0.37
5E8.98K,0.1,0.02,0.37
5E8.12E,0.1,0.02,0.37
5E8.61R,0.1,0.02,0.37
5E8.73V,0.12,0.02,0.48
5E8.18I,0.09,0.02,0.36
5E8.12O,0.1,0.02,0.37
5E8.77I,0.1,0.02,0.37
5E8.81O,0.1,0.02,0.37
5E8.33T,0.3,0.1,0.72
5E8.25R,0.1,0.02,0.37
5E8.3J7,0.1,0.02,0.37
5E8.32Z,0.1,0.02,0.37
5E8.4E2,0.1,0.02,0.37
5E8.0G1,0.1,0.02,0.37
5E8.5E6,0.1,0.02,0.38
5E8.1B1,0.1,0.02,0.37
5E8.0I9,0.1,0.02,0.37
5E8.06O,0.11,0.02,0.44
5E8.5I3,0.11,0.02,0.44
5E8.2F8,0.1,0.02,0.37
5E8.3B9,0.1,0.02,0.37
5E8.19T,0.1,0.02,0.37
5E8.4G8,0.1,0.02,0.37
5E8.3I6,0.1,0.02,0.37
5E8.0J4,0.1,0.02,0.37
5E8.3I9,0.1,0.02,0.37
5E8.0E3,0.1,0.02,0.37
5E8.7A2,0.1,0.02,0.37
5E8.73S,0.11,0.02,0.42
5E8.7F5,0.1,0.02,0.37
5E8.04T,0.1,0.02,0.37
5E8.1F2,0.1,0.02,0.39
5E8.5J1,0.11,0.02,0.42
5E8.9E3,0.12,0.02,0.46
5E8.36V,0.11,0.02,0.42
5E8.3I5,0.12,0.02,0.46
5E8.9I9,0.1,0.02,0.37
5E8.8D8,0.1,0.02,0.37
5E8.5B0,0.1,0.02,0.37
5E8.4D3,0.1,0.02,0.37
5E8.28B,0.11,0.02,0.46
5E8.5I5,0.09,0.02,0.36
5E8.7G1,0.1,0.02,0.39
5E8.8A9,0.1,0.02,0.39
5E8.30Z,0.13,0.02,0.53
5E8.9D7,0.13,0.02,0.54
5E8.2H6,0.15,0.02,0.64
5E8.17K,0.14,0.02,0.59
5E8.60E,0.15,0.02,0.64
5E8.2C9,0.13,0.02,0.54
7C4.52Z,0.09,0.02,0.36
7C4.2I3,0.1,0.02,0.37
7C4.1G6,0.16,0.04,0.48
7C4.13H,0.1,0.02,0.37
7C4.1I7,0.1,0.02,0.37
7C4.9E8,0.16,0.04,0.48
7C4.93T,0.1,0.02,0.37
7C4.45Z,0.09,0.02,0.36
7C4.90T,0.1,0.02,0.37
7C4.4J4,0.1,0.02,0.37
7C4.2G2,0.1,0.02,0.37
7C4.47Z,0.1,0.02,0.37
7C4.2G3,0.1,0.02,0.37
7C4.4C9,0.1,0.02,0.37
7C4.1G0,0.1,0.02,0.37
7C4.1I5,0.1,0.02,0.37
7C4.1K2,0.1,0.02,0.37
7C4.1B0,0.1,0.02,0.37
7C4.3H0,0.1,0.02,0.37
7C4.T03,0.09,0.02,0.36
7C4.4C5,0.16,0.04,0.48
7C4.3D9,0.1,0.02,0.37
7C4.98J,0.1,0.02,0.37
7C4.85T,0.1,0.02,0.37
7C4.1G4,0.1,0.02,0.37
7C4.51Z,0.15,0.04,0.48
7C4.1I6,0.1,0.02,0.37
7C4.51A,0.1,0.02,0.37
7C4.98K,0.09,0.02,0.36
7C4.12E,0.09,0.02,0.36
7C4.61R,0.1,0.02,0.37
7C4.73V,0.12,0.02,0.48
7C4.18I,0.09,0.02,0.36
7C4.12O,0.1,0.02,0.37
7C4.77I,0.1,0.02,0.37
7C4.81O,0.1,0.02,0.37
7C4.33T,0.1,0.02,0.37
7C4.25R,0.1,0.02,0.37
7C4.3J7,0.1,0.02,0.37
7C4.32Z,0.1,0.02,0.37
7C4.4E2,0.1,0.02,0.37
7C4.0G1,0.1,0.02,0.37
7C4.5E6,0.1,0.02,0.37
7C4.1B1,0.1,0.02,0.37
7C4.0I9,0.1,0.02,0.37
7C4.06O,0.11,0.02,0.43
7C4.5I3,0.11,0.02,0.43
7C4.2F8,0.09,0.02,0.36
7C4.3B9,0.09,0.02,0.36
7C4.19T,0.1,0.02,0.37
7C4.4G8,0.09,0.02,0.36
7C4.3I6,0.1,0.02,0.37
7C4.0J4,0.1,0.02,0.37
7C4.3I9,0.1,0.02,0.37
7C4.0E3,0.09,0.02,0.36
7C4.7A2,0.09,0.02,0.36
7C4.73S,0.11,0.02,0.42
7C4.7F5,0.1,0.02,0.37
7C4.04T,0.1,0.02,0.37
7C4.1F2,0.1,0.02,0.39
7C4.5J1,0.11,0.02,0.42
7C4.9E3,0.11,0.02,0.46
7C4.36V,0.11,0.02,0.42
7C4.3I5,0.11,0.02,0.46
7C4.9I9,0.1,0.02,0.37
7C4.8D8,0.1,0.02,0.37
7C4.5B0,0.1,0.02,0.37
7C4.4D3,0.09,0.02,0.36
7C4.28B,0.11,0.02,0.45
7C4.5I5,0.09,0.02,0.36
7C4.7G1,0.1,0.02,0.39
7C4.8A9,0.1,0.02,0.39
7C4.30Z,0.13,0.02,0.52
7C4.9D7,0.13,0.02,0.54
7C4.2H6,0.15,0.02,0.62
7C4.17K,0.14,0.02,0.58
7C4.60E,0.15,0.02,0.62
7C4.2C9,0.13,0.02,0.53
52Z.2I3,0.43,0.18,0.9
52Z.1G6,0.22,0.07,0.59
52Z.13H,0.09,0.02,0.36
52Z.1I7,0.09,0.02,0.36
52Z.9E8,0.09,0.02,0.36
52Z.93T,0.09,0.02,0.36
52Z.45Z,0.09,0.02,0.35
52Z.90T,0.09,0.02,0.36
52Z.4J4,0.29,0.1,0.69
52Z.2G2,0.09,0.02,0.36
52Z.47Z,0.09,0.02,0.36
52Z.2G3,0.09,0.02,0.36
52Z.4C9,0.09,0.02,0.36
52Z.1G0,0.09,0.02,0.36
52Z.1I5,0.09,0.02,0.36
52Z.1K2,0.09,0.02,0.36
52Z.1B0,0.09,0.02,0.36
52Z.3H0,0.09,0.02,0.36
52Z.T03,0.09,0.02,0.36
52Z.4C5,0.09,0.02,0.36
52Z.3D9,0.15,0.04,0.48
52Z.98J,0.1,0.02,0.37
52Z.85T,0.1,0.02,0.37
52Z.1G4,0.09,0.02,0.36
52Z.51Z,0.09,0.02,0.36
52Z.1I6,0.09,0.02,0.36
52Z.51A,0.1,0.02,0.37
52Z.98K,0.15,0.04,0.47
52Z.12E,0.09,0.02,0.36
52Z.61R,0.15,0.04,0.48
52Z.73V,0.12,0.02,0.47
52Z.18I,0.09,0.02,0.35
52Z.12O,0.09,0.02,0.36
52Z.77I,0.09,0.02,0.36
52Z.81O,0.09,0.02,0.36
52Z.33T,0.1,0.02,0.37
52Z.25R,0.09,0.02,0.36
52Z.3J7,0.1,0.02,0.37
52Z.32Z,0.1,0.02,0.37
52Z.4E2,0.09,0.02,0.36
52Z.0G1,0.09,0.02,0.36
52Z.5E6,0.1,0.02,0.37
52Z.1B1,0.1,0.02,0.37
52Z.0I9,0.09,0.02,0.36
52Z.06O,0.11,0.02,0.42
52Z.5I3,0.11,0.02,0.42
52Z.2F8,0.09,0.02,0.36
52Z.3B9,0.09,0.02,0.36
52Z.19T,0.09,0.02,0.36
52Z.4G8,0.09,0.02,0.36
52Z.3I6,0.09,0.02,0.36
52Z.0J4,0.09,0.02,0.36
52Z.3I9,0.1,0.02,0.37
52Z.0E3,0.09,0.02,0.36
52Z.7A2,0.09,0.02,0.36
52Z.73S,0.11,0.02,0.41
52Z.7F5,0.09,0.02,0.36
52Z.04T,0.1,0.02,0.37
52Z.1F2,0.1,0.02,0.38
52Z.5J1,0.11,0.02,0.41
52Z.9E3,0.11,0.02,0.45
52Z.36V,0.11,0.02,0.41
52Z.3I5,0.11,0.02,0.45
52Z.9I9,0.09,0.02,0.36
52Z.8D8,0.1,0.02,0.37
52Z.5B0,0.1,0.02,0.37
52Z.4D3,0.09,0.02,0.36
52Z.28B,0.11,0.02,0.44
52Z.5I5,0.09,0.02,0.35
52Z.7G1,0.1,0.02,0.38
52Z.8A9,0.1,0.02,0.38
52Z.30Z,0.12,0.02,0.51
52Z.9D7,0.13,0.02,0.53
52Z.2H6,0.14,0.02,0.61
52Z.17K,0.14,0.02,0.56
52Z.60E,0.14,0.02,0.61
52Z.2C9,0.13,0.02,0.52
2I3.1G6,0.1,0.02,0.37
2I3.13H,0.1,0.02,0.37
2I3.1I7,0.1,0.02,0.37
2I3.9E8,0.1,0.02,0.37
2I3.93T,0.1,0.02,0.37
2I3.45Z,0.09,0.02,0.36
2I3.90T,0.1,0.02,0.37
2I3.4J4,0.16,0.04,0.48
2I3.2G2,0.16,0.04,0.48
2I3.47Z,0.1,0.02,0.37
2I3.2G3,0.1,0.02,0.37
2I3.4C9,0.1,0.02,0.37
2I3.1G0,0.1,0.02,0.37
2I3.1I5,0.1,0.02,0.37
2I3.1K2,0.1,0.02,0.37
2I3.1B0,0.1,0.02,0.37
2I3.3H0,0.1,0.02,0.37
2I3.T03,0.09,0.02,0.36
2I3.4C5,0.1,0.02,0.37
2I3.3D9,0.1,0.02,0.37
2I3.98J,0.1,0.02,0.37
2I3.85T,0.1,0.02,0.37
2I3.1G4,0.16,0.04,0.48
2I3.51Z,0.15,0.04,0.48
2I3.1I6,0.1,0.02,0.37
2I3.51A,0.1,0.02,0.37
2I3.98K,0.09,0.02,0.36
2I3.12E,0.09,0.02,0.36
2I3.61R,0.1,0.02,0.37
2I3.73V,0.12,0.02,0.48
2I3.18I,0.09,0.02,0.36
2I3.12O,0.1,0.02,0.37
2I3.77I,0.1,0.02,0.37
2I3.81O,0.1,0.02,0.37
2I3.33T,0.1,0.02,0.37
2I3.25R,0.1,0.02,0.37
2I3.3J7,0.1,0.02,0.37
2I3.32Z,0.1,0.02,0.37
2I3.4E2,0.1,0.02,0.37
2I3.0G1,0.1,0.02,0.37
2I3.5E6,0.1,0.02,0.37
2I3.1B1,0.1,0.02,0.37
2I3.0I9,0.1,0.02,0.37
2I3.06O,0.11,0.02,0.43
2I3.5I3,0.11,0.02,0.43
2I3.2F8,0.09,0.02,0.36
2I3.3B9,0.09,0.02,0.36
2I3.19T,0.1,0.02,0.37
2I3.4G8,0.09,0.02,0.36
2I3.3I6,0.1,0.02,0.37
2I3.0J4,0.1,0.02,0.37
2I3.3I9,0.1,0.02,0.37
2I3.0E3,0.09,0.02,0.36
2I3.7A2,0.09,0.02,0.36
2I3.73S,0.11,0.02,0.42
2I3.7F5,0.1,0.02,0.37
2I3.04T,0.1,0.02,0.37
2I3.1F2,0.1,0.02,0.39
2I3.5J1,0.11,0.02,0.42
2I3.9E3,0.11,0.02,0.46
2I3.36V,0.11,0.02,0.42
2I3.3I5,0.11,0.02,0.46
2I3.9I9,0.1,0.02,0.37
2I3.8D8,0.1,0.02,0.37
2I3.5B0,0.1,0.02,0.37
2I3.4D3,0.09,0.02,0.36
2I3.28B,0.11,0.02,0.45
2I3.5I5,0.09,0.02,0.36
2I3.7G1,0.1,0.02,0.39
2I3.8A9,0.1,0.02,0.39
2I3.30Z,0.13,0.02,0.52
2I3.9D7,0.13,0.02,0.54
2I3.2H6,0.15,0.02,0.62
2I3.17K,0.14,0.02,0.58
2I3.60E,0.15,0.02,0.62
2I3.2C9,0.13,0.02,0.53
1G6.13H,0.1,0.02,0.37
1G6.1I7,0.1,0.02,0.37
1G6.9E8,0.16,0.04,0.48
1G6.93T,0.16,0.04,0.48
1G6.45Z,0.09,0.02,0.36
1G6.90T,0.16,0.04,0.48
1G6.4J4,0.1,0.02,0.37
1G6.2G2,0.1,0.02,0.37
1G6.47Z,0.1,0.02,0.37
1G6.2G3,0.1,0.02,0.37
1G6.4C9,0.1,0.02,0.37
1G6.1G0,0.1,0.02,0.37
1G6.1I5,0.1,0.02,0.37
1G6.1K2,0.16,0.04,0.48
1G6.1B0,0.1,0.02,0.37
1G6.3H0,0.1,0.02,0.37
1G6.T03,0.09,0.02,0.36
1G6.4C5,0.1,0.02,0.37
1G6.3D9,0.1,0.02,0.37
1G6.98J,0.1,0.02,0.37
1G6.85T,0.1,0.02,0.37
1G6.1G4,0.1,0.02,0.37
1G6.51Z,0.09,0.02,0.36
1G6.1I6,0.1,0.02,0.37
1G6.51A,0.1,0.02,0.37
1G6.98K,0.29,0.1,0.69
1G6.12E,0.09,0.02,0.36
1G6.61R,0.1,0.02,0.37
1G6.73V,0.12,0.02,0.48
1G6.18I,0.09,0.02,0.36
1G6.12O,0.1,0.02,0.37
1G6.77I,0.1,0.02,0.37
1G6.81O,0.1,0.02,0.37
1G6.33T,0.1,0.02,0.37
1G6.25R,0.1,0.02,0.37
1G6.3J7,0.1,0.02,0.37
1G6.32Z,0.1,0.02,0.37
1G6.4E2,0.1,0.02,0.37
1G6.0G1,0.1,0.02,0.37
1G6.5E6,0.1,0.02,0.37
1G6.1B1,0.1,0.02,0.37
1G6.0I9,0.1,0.02,0.37
1G6.06O,0.11,0.02,0.43
1G6.5I3,0.11,0.02,0.43
1G6.2F8,0.09,0.02,0.36
1G6.3B9,0.09,0.02,0.36
1G6.19T,0.1,0.02,0.37
1G6.4G8,0.09,0.02,0.36
1G6.3I6,0.1,0.02,0.37
1G6.0J4,0.1,0.02,0.37
1G6.3I9,0.1,0.02,0.37
1G6.0E3,0.09,0.02,0.36
1G6.7A2,0.09,0.02,0.36
1G6.73S,0.11,0.02,0.42
1G6.7F5,0.1,0.02,0.37
1G6.04T,0.1,0.02,0.37
1G6.1F2,0.1,0.02,0.39
1G6.5J1,0.11,0.02,0.42
1G6.9E3,0.11,0.02,0.46
1G6.36V,0.11,0.02,0.42
1G6.3I5,0.11,0.02,0.46
1G6.9I9,0.1,0.02,0.37
1G6.8D8,0.1,0.02,0.37
1G6.5B0,0.1,0.02,0.37
1G6.4D3,0.09,0.02,0.36
1G6.28B,0.11,0.02,0.45
1G6.5I5,0.09,0.02,0.36
1G6.7G1,0.1,0.02,0.39
1G6.8A9,0.1,0.02,0.39
1G6.30Z,0.13,0.02,0.52
1G6.9D7,0.13,0.02,0.54
1G6.2H6,0.15,0.02,0.62
1G6.17K,0.14,0.02,0.58
1G6.60E,0.15,0.02,0.62
1G6.2C9,0.13,0.02,0.53
13H.1I7,0.22,0.07,0.59
13H.9E8,0.1,0.02,0.37
13H.93T,0.1,0.02,0.37
13H.45Z,0.09,0.02,0.36
13H.90T,0.1,0.02,0.37
13H.4J4,0.1,0.02,0.37
13H.2G2,0.1,0.02,0.37
13H.47Z,0.1,0.02,0.37
13H.2G3,0.1,0.02,0.37
13H.4C9,0.1,0.02,0.37
13H.1G0,0.1,0.02,0.37
13H.1I5,0.1,0.02,0.37
13H.1K2,0.1,0.02,0.37
13H.1B0,0.1,0.02,0.37
13H.3H0,0.1,0.02,0.37
13H.T03,0.09,0.02,0.36
13H.4C5,0.1,0.02,0.37
13H.3D9,0.1,0.02,0.37
13H.98J,0.1,0.02,0.37
13H.85T,0.1,0.02,0.37
13H.1G4,0.1,0.02,0.37
13H.51Z,0.09,0.02,0.36
13H.1I6,0.1,0.02,0.37
13H.51A,0.1,0.02,0.37
13H.98K,0.29,0.1,0.69
13H.12E,0.09,0.02,0.36
13H.61R,0.22,0.07,0.59
13H.73V,0.12,0.02,0.48
13H.18I,0.15,0.04,0.47
13H.12O,0.29,0.1,0.7
13H.77I,0.1,0.02,0.37
13H.81O,0.1,0.02,0.37
13H.33T,0.1,0.02,0.37
13H.25R,0.1,0.02,0.37
13H.3J7,0.1,0.02,0.37
13H.32Z,0.1,0.02,0.37
13H.4E2,0.1,0.02,0.37
13H.0G1,0.1,0.02,0.37
13H.5E6,0.1,0.02,0.37
13H.1B1,0.1,0.02,0.37
13H.0I9,0.1,0.02,0.37
13H.06O,0.11,0.02,0.43
13H.5I3,0.11,0.02,0.43
13H.2F8,0.09,0.02,0.36
13H.3B9,0.09,0.02,0.36
13H.19T,0.1,0.02,0.37
13H.4G8,0.09,0.02,0.36
13H.3I6,0.1,0.02,0.37
13H.0J4,0.1,0.02,0.37
13H.3I9,0.1,0.02,0.37
13H.0E3,0.09,0.02,0.36
13H.7A2,0.09,0.02,0.36
13H.73S,0.11,0.02,0.42
13H.7F5,0.1,0.02,0.37
13H.04T,0.1,0.02,0.37
13H.1F2,0.1,0.02,0.39
13H.5J1,0.11,0.02,0.42
13H.9E3,0.11,0.02,0.46
13H.36V,0.11,0.02,0.42
13H.3I5,0.11,0.02,0.46
13H.9I9,0.1,0.02,0.37
13H.8D8,0.1,0.02,0.37
13H.5B0,0.1,0.02,0.37
13H.4D3,0.09,0.02,0.36
13H.28B,0.11,0.02,0.45
13H.5I5,0.09,0.02,0.36
13H.7G1,0.1,0.02,0.39
13H.8A9,0.1,0.02,0.39
13H.30Z,0.13,0.02,0.52
13H.9D7,0.13,0.02,0.54
13H.2H6,0.15,0.02,0.62
13H.17K,0.14,0.02,0.58
13H.60E,0.15,0.02,0.62
13H.2C9,0.13,0.02,0.53
1I7.9E8,0.1,0.02,0.37
1I7.93T,0.1,0.02,0.37
1I7.45Z,0.09,0.02,0.36
1I7.90T,0.1,0.02,0.37
1I7.4J4,0.1,0.02,0.37
1I7.2G2,0.16,0.04,0.48
1I7.47Z,0.1,0.02,0.37
1I7.2G3,0.1,0.02,0.37
1I7.4C9,0.1,0.02,0.37
1I7.1G0,0.16,0.04,0.48
1I7.1I5,0.1,0.02,0.37
1I7.1K2,0.1,0.02,0.37
1I7.1B0,0.1,0.02,0.37
1I7.3H0,0.1,0.02,0.37
1I7.T03,0.09,0.02,0.36
1I7.4C5,0.1,0.02,0.37
1I7.3D9,0.1,0.02,0.37
1I7.98J,0.1,0.02,0.37
1I7.85T,0.1,0.02,0.37
1I7.1G4,0.1,0.02,0.37
1I7.51Z,0.09,0.02,0.36
1I7.1I6,0.1,0.02,0.37
1I7.51A,0.1,0.02,0.37
1I7.98K,0.09,0.02,0.36
1I7.12E,0.09,0.02,0.36
1I7.61R,0.1,0.02,0.37
1I7.73V,0.12,0.02,0.48
1I7.18I,0.09,0.02,0.36
1I7.12O,0.1,0.02,0.37
1I7.77I,0.1,0.02,0.37
1I7.81O,0.1,0.02,0.37
1I7.33T,0.1,0.02,0.37
1I7.25R,0.1,0.02,0.37
1I7.3J7,0.1,0.02,0.37
1I7.32Z,0.1,0.02,0.37
1I7.4E2,0.1,0.02,0.37
1I7.0G1,0.1,0.02,0.37
1I7.5E6,0.1,0.02,0.37
1I7.1B1,0.1,0.02,0.37
1I7.0I9,0.16,0.04,0.48
1I7.06O,0.11,0.02,0.43
1I7.5I3,0.11,0.02,0.43
1I7.2F8,0.09,0.02,0.36
1I7.3B9,0.09,0.02,0.36
1I7.19T,0.1,0.02,0.37
1I7.4G8,0.09,0.02,0.36
1I7.3I6,0.1,0.02,0.37
1I7.0J4,0.16,0.04,0.48
1I7.3I9,0.1,0.02,0.37
1I7.0E3,0.09,0.02,0.36
1I7.7A2,0.09,0.02,0.36
1I7.73S,0.11,0.02,0.42
1I7.7F5,0.1,0.02,0.37
1I7.04T,0.1,0.02,0.37
1I7.1F2,0.1,0.02,0.39
1I7.5J1,0.11,0.02,0.42
1I7.9E3,0.11,0.02,0.46
1I7.36V,0.11,0.02,0.42
1I7.3I5,0.11,0.02,0.46
1I7.9I9,0.1,0.02,0.37
1I7.8D8,0.1,0.02,0.37
1I7.5B0,0.16,0.04,0.49
1I7.4D3,0.09,0.02,0.36
1I7.28B,0.11,0.02,0.45
1I7.5I5,0.09,0.02,0.36
1I7.7G1,0.1,0.02,0.39
1I7.8A9,0.1,0.02,0.39
1I7.30Z,0.13,0.02,0.52
1I7.9D7,0.13,0.02,0.54
1I7.2H6,0.15,0.02,0.62
1I7.17K,0.14,0.02,0.58
1I7.60E,0.15,0.02,0.62
1I7.2C9,0.13,0.02,0.53
9E8.93T,0.36,0.14,0.81
9E8.45Z,0.09,0.02,0.36
9E8.90T,0.1,0.02,0.37
9E8.4J4,0.1,0.02,0.37
9E8.2G2,0.1,0.02,0.37
9E8.47Z,0.1,0.02,0.37
9E8.2G3,0.1,0.02,0.37
9E8.4C9,0.1,0.02,0.37
9E8.1G0,0.1,0.02,0.37
9E8.1I5,0.1,0.02,0.37
9E8.1K2,0.1,0.02,0.37
9E8.1B0,0.1,0.02,0.37
9E8.3H0,0.1,0.02,0.37
9E8.T03,0.09,0.02,0.36
9E8.4C5,0.1,0.02,0.37
9E8.3D9,0.1,0.02,0.37
9E8.98J,0.1,0.02,0.37
9E8.85T,0.1,0.02,0.37
9E8.1G4,0.1,0.02,0.37
9E8.51Z,0.09,0.02,0.36
9E8.1I6,0.1,0.02,0.37
9E8.51A,0.1,0.02,0.37
9E8.98K,0.15,0.04,0.48
9E8.12E,0.09,0.02,0.36
9E8.61R,0.1,0.02,0.37
9E8.73V,0.12,0.02,0.48
9E8.18I,0.15,0.04,0.47
9E8.12O,0.1,0.02,0.37
9E8.77I,0.1,0.02,0.37
9E8.81O,0.1,0.02,0.37
9E8.33T,0.1,0.02,0.37
9E8.25R,0.1,0.02,0.37
9E8.3J7,0.1,0.02,0.37
9E8.32Z,0.1,0.02,0.37
9E8.4E2,0.1,0.02,0.37
9E8.0G1,0.1,0.02,0.37
9E8.5E6,0.1,0.02,0.37
9E8.1B1,0.1,0.02,0.37
9E8.0I9,0.1,0.02,0.37
9E8.06O,0.11,0.02,0.43
9E8.5I3,0.11,0.02,0.43
9E8.2F8,0.09,0.02,0.36
9E8.3B9,0.09,0.02,0.36
9E8.19T,0.1,0.02,0.37
9E8.4G8,0.09,0.02,0.36
9E8.3I6,0.1,0.02,0.37
9E8.0J4,0.1,0.02,0.37
9E8.3I9,0.1,0.02,0.37
9E8.0E3,0.09,0.02,0.36
9E8.7A2,0.09,0.02,0.36
9E8.73S,0.11,0.02,0.42
9E8.7F5,0.1,0.02,0.37
9E8.04T,0.1,0.02,0.37
9E8.1F2,0.1,0.02,0.39
9E8.5J1,0.11,0.02,0.42
9E8.9E3,0.11,0.02,0.46
9E8.36V,0.11,0.02,0.42
9E8.3I5,0.11,0.02,0.46
9E8.9I9,0.1,0.02,0.37
9E8.8D8,0.1,0.02,0.37
9E8.5B0,0.1,0.02,0.37
9E8.4D3,0.09,0.02,0.36
9E8.28B,0.11,0.02,0.45
9E8.5I5,0.09,0.02,0.36
9E8.7G1,0.1,0.02,0.39
9E8.8A9,0.1,0.02,0.39
9E8.30Z,0.13,0.02,0.52
9E8.9D7,0.13,0.02,0.54
9E8.2H6,0.15,0.02,0.62
9E8.17K,0.14,0.02,0.58
9E8.60E,0.15,0.02,0.62
9E8.2C9,0.13,0.02,0.53
93T.45Z,0.09,0.02,0.36
93T.90T,0.16,0.04,0.48
93T.4J4,0.1,0.02,0.37
93T.2G2,0.16,0.04,0.48
93T.47Z,0.1,0.02,0.37
93T.2G3,0.1,0.02,0.37
93T.4C9,0.16,0.04,0.48
93T.1G0,0.1,0.02,0.37
93T.1I5,0.1,0.02,0.37
93T.1K2,0.1,0.02,0.37
93T.1B0,0.1,0.02,0.37
93T.3H0,0.1,0.02,0.37
93T.T03,0.09,0.02,0.36
93T.4C5,0.1,0.02,0.37
93T.3D9,0.1,0.02,0.37
93T.98J,0.1,0.02,0.37
93T.85T,0.1,0.02,0.37
93T.1G4,0.1,0.02,0.37
93T.51Z,0.15,0.04,0.48
93T.1I6,0.1,0.02,0.37
93T.51A,0.1,0.02,0.37
93T.98K,0.09,0.02,0.36
93T.12E,0.09,0.02,0.36
93T.61R,0.1,0.02,0.37
93T.73V,0.12,0.02,0.48
93T.18I,0.09,0.02,0.36
93T.12O,0.1,0.02,0.37
93T.77I,0.1,0.02,0.37
93T.81O,0.1,0.02,0.37
93T.33T,0.1,0.02,0.37
93T.25R,0.1,0.02,0.37
93T.3J7,0.1,0.02,0.37
93T.32Z,0.1,0.02,0.37
93T.4E2,0.1,0.02,0.37
93T.0G1,0.1,0.02,0.37
93T.5E6,0.1,0.02,0.37
93T.1B1,0.1,0.02,0.37
93T.0I9,0.1,0.02,0.37
93T.06O,0.11,0.02,0.43
93T.5I3,0.11,0.02,0.43
93T.2F8,0.09,0.02,0.36
93T.3B9,0.09,0.02,0.36
93T.19T,0.1,0.02,0.37
93T.4G8,0.09,0.02,0.36
93T.3I6,0.1,0.02,0.37
93T.0J4,0.1,0.02,0.37
93T.3I9,0.1,0.02,0.37
93T.0E3,0.09,0.02,0.36
93T.7A2,0.09,0.02,0.36
93T.73S,0.11,0.02,0.42
93T.7F5,0.16,0.04,0.48
93T.04T,0.1,0.02,0.37
93T.1F2,0.1,0.02,0.39
93T.5J1,0.11,0.02,0.42
93T.9E3,0.11,0.02,0.46
93T.36V,0.11,0.02,0.42
93T.3I5,0.11,0.02,0.46
93T.9I9,0.1,0.02,0.37
93T.8D8,0.1,0.02,0.37
93T.5B0,0.1,0.02,0.37
93T.4D3,0.09,0.02,0.36
93T.28B,0.11,0.02,0.45
93T.5I5,0.09,0.02,0.36
93T.7G1,0.1,0.02,0.39
93T.8A9,0.1,0.02,0.39
93T.30Z,0.13,0.02,0.52
93T.9D7,0.13,0.02,0.54
93T.2H6,0.15,0.02,0.62
93T.17K,0.14,0.02,0.58
93T.60E,0.15,0.02,0.62
93T.2C9,0.13,0.02,0.53
45Z.90T,0.09,0.02,0.36
45Z.4J4,0.09,0.02,0.36
45Z.2G2,0.09,0.02,0.36
45Z.47Z,0.09,0.02,0.36
45Z.2G3,0.09,0.02,0.36
45Z.4C9,0.15,0.04,0.47
45Z.1G0,0.09,0.02,0.36
45Z.1I5,0.09,0.02,0.36
45Z.1K2,0.09,0.02,0.36
45Z.1B0,0.09,0.02,0.36
45Z.3H0,0.09,0.02,0.36
45Z.T03,0.09,0.02,0.35
45Z.4C5,0.09,0.02,0.36
45Z.3D9,0.09,0.02,0.36
45Z.98J,0.09,0.02,0.36
45Z.85T,0.09,0.02,0.36
45Z.1G4,0.09,0.02,0.36
45Z.51Z,0.09,0.02,0.35
45Z.1I6,0.09,0.02,0.36
45Z.51A,0.09,0.02,0.36
45Z.98K,0.09,0.02,0.35
45Z.12E,0.09,0.02,0.35
45Z.61R,0.09,0.02,0.36
45Z.73V,0.12,0.02,0.46
45Z.18I,0.09,0.02,0.35
45Z.12O,0.09,0.02,0.36
45Z.77I,0.09,0.02,0.36
45Z.81O,0.09,0.02,0.36
45Z.33T,0.09,0.02,0.36
45Z.25R,0.09,0.02,0.36
45Z.3J7,0.09,0.02,0.36
45Z.32Z,0.22,0.07,0.59
45Z.4E2,0.09,0.02,0.36
45Z.0G1,0.09,0.02,0.36
45Z.5E6,0.1,0.02,0.37
45Z.1B1,0.09,0.02,0.36
45Z.0I9,0.09,0.02,0.36
45Z.06O,0.11,0.02,0.42
45Z.5I3,0.11,0.02,0.42
45Z.2F8,0.09,0.02,0.35
45Z.3B9,0.09,0.02,0.35
45Z.19T,0.09,0.02,0.36
45Z.4G8,0.09,0.02,0.35
45Z.3I6,0.09,0.02,0.36
45Z.0J4,0.09,0.02,0.36
45Z.3I9,0.09,0.02,0.36
45Z.0E3,0.09,0.02,0.35
45Z.7A2,0.09,0.02,0.35
45Z.73S,0.1,0.02,0.41
45Z.7F5,0.09,0.02,0.36
45Z.04T,0.09,0.02,0.36
45Z.1F2,0.1,0.02,0.38
45Z.5J1,0.1,0.02,0.41
45Z.9E3,0.11,0.02,0.44
45Z.36V,0.1,0.02,0.41
45Z.3I5,0.11,0.02,0.44
45Z.9I9,0.09,0.02,0.36
45Z.8D8,0.09,0.02,0.36
45Z.5B0,0.09,0.02,0.36
45Z.4D3,0.09,0.02,0.35
45Z.28B,0.11,0.02,0.44
45Z.5I5,0.09,0.02,0.35
45Z.7G1,0.1,0.02,0.38
45Z.8A9,0.1,0.02,0.38
45Z.30Z,0.12,0.02,0.5
45Z.9D7,0.13,0.02,0.52
45Z.2H6,0.14,0.02,0.6
45Z.17K,0.13,0.02,0.55
45Z.60E,0.14,0.02,0.6
45Z.2C9,0.12,0.02,0.51
90T.4J4,0.82,0.43,1.43
90T.2G2,0.16,0.04,0.48
90T.47Z,0.1,0.02,0.37
90T.2G3,0.1,0.02,0.37
90T.4C9,0.1,0.02,0.37
90T.1G0,0.16,0.04,0.48
90T.1I5,0.1,0.02,0.37
90T.1K2,0.16,0.04,0.48
90T.1B0,0.1,0.02,0.37
90T.3H0,0.1,0.02,0.37
90T.T03,0.09,0.02,0.36
90T.4C5,0.1,0.02,0.37
90T.3D9,0.1,0.02,0.37
90T.98J,0.1,0.02,0.37
90T.85T,0.1,0.02,0.37
90T.1G4,0.1,0.02,0.37
90T.51Z,0.09,0.02,0.36
90T.1I6,0.1,0.02,0.37
90T.51A,0.1,0.02,0.37
90T.98K,0.09,0.02,0.36
90T.12E,0.15,0.04,0.48
90T.61R,0.1,0.02,0.37
90T.73V,0.12,0.02,0.48
90T.18I,0.09,0.02,0.36
90T.12O,0.1,0.02,0.37
90T.77I,0.1,0.02,0.37
90T.81O,0.1,0.02,0.37
90T.33T,0.1,0.02,0.37
90T.25R,0.1,0.02,0.37
90T.3J7,0.1,0.02,0.37
90T.32Z,0.1,0.02,0.37
90T.4E2,0.1,0.02,0.37
90T.0G1,0.1,0.02,0.37
90T.5E6,0.1,0.02,0.37
90T.1B1,0.1,0.02,0.37
90T.0I9,0.1,0.02,0.37
90T.06O,0.11,0.02,0.43
90T.5I3,0.11,0.02,0.43
90T.2F8,0.09,0.02,0.36
90T.3B9,0.09,0.02,0.36
90T.19T,0.1,0.02,0.37
90T.4G8,0.09,0.02,0.36
90T.3I6,0.1,0.02,0.37
90T.0J4,0.1,0.02,0.37
90T.3I9,0.1,0.02,0.37
90T.0E3,0.09,0.02,0.36
90T.7A2,0.09,0.02,0.36
90T.73S,0.11,0.02,0.42
90T.7F5,0.1,0.02,0.37
90T.04T,0.1,0.02,0.37
90T.1F2,0.1,0.02,0.39
90T.5J1,0.11,0.02,0.42
90T.9E3,0.11,0.02,0.46
90T.36V,0.11,0.02,0.42
90T.3I5,0.11,0.02,0.46
90T.9I9,0.1,0.02,0.37
90T.8D8,0.1,0.02,0.37
90T.5B0,0.1,0.02,0.37
90T.4D3,0.09,0.02,0.36
90T.28B,0.11,0.02,0.45
90T.5I5,0.09,0.02,0.36
90T.7G1,0.1,0.02,0.39
90T.8A9,0.1,0.02,0.39
90T.30Z,0.13,0.02,0.52
90T.9D7,0.13,0.02,0.54
90T.2H6,0.15,0.02,0.62
90T.17K,0.14,0.02,0.58
90T.60E,0.15,0.02,0.62
90T.2C9,0.13,0.02,0.53
4J4.2G2,0.1,0.02,0.37
4J4.47Z,0.1,0.02,0.37
4J4.2G3,0.1,0.02,0.37
4J4.4C9,0.1,0.02,0.37
4J4.1G0,0.16,0.04,0.48
4J4.1I5,0.1,0.02,0.37
4J4.1K2,0.1,0.02,0.37
4J4.1B0,0.1,0.02,0.37
4J4.3H0,0.1,0.02,0.37
4J4.T03,0.09,0.02,0.36
4J4.4C5,0.1,0.02,0.37
4J4.3D9,0.1,0.02,0.37
4J4.98J,0.1,0.02,0.37
4J4.85T,0.1,0.02,0.37
4J4.1G4,0.1,0.02,0.37
4J4.51Z,0.09,0.02,0.36
4J4.1I6,0.1,0.02,0.37
4J4.51A,0.1,0.02,0.37
4J4.98K,0.09,0.02,0.36
4J4.12E,0.09,0.02,0.36
4J4.61R,0.1,0.02,0.37
4J4.73V,0.12,0.02,0.48
4J4.18I,0.09,0.02,0.36
4J4.12O,0.1,0.02,0.37
4J4.77I,0.1,0.02,0.37
4J4.81O,0.1,0.02,0.37
4J4.33T,0.1,0.02,0.37
4J4.25R,0.1,0.02,0.37
4J4.3J7,0.1,0.02,0.37
4J4.32Z,0.1,0.02,0.37
4J4.4E2,0.1,0.02,0.37
4J4.0G1,0.1,0.02,0.37
4J4.5E6,0.1,0.02,0.37
4J4.1B1,0.1,0.02,0.37
4J4.0I9,0.1,0.02,0.37
4J4.06O,0.11,0.02,0.43
4J4.5I3,0.11,0.02,0.43
4J4.2F8,0.09,0.02,0.36
4J4.3B9,0.09,0.02,0.36
4J4.19T,0.1,0.02,0.37
4J4.4G8,0.09,0.02,0.36
4J4.3I6,0.1,0.02,0.37
4J4.0J4,0.1,0.02,0.37
4J4.3I9,0.1,0.02,0.37
4J4.0E3,0.09,0.02,0.36
4J4.7A2,0.09,0.02,0.36
4J4.73S,0.11,0.02,0.42
4J4.7F5,0.16,0.04,0.48
4J4.04T,0.1,0.02,0.37
4J4.1F2,0.1,0.02,0.39
4J4.5J1,0.11,0.02,0.42
4J4.9E3,0.11,0.02,0.46
4J4.36V,0.11,0.02,0.42
4J4.3I5,0.11,0.02,0.46
4J4.9I9,0.1,0.02,0.37
4J4.8D8,0.1,0.02,0.37
4J4.5B0,0.1,0.02,0.37
4J4.4D3,0.09,0.02,0.36
4J4.28B,0.11,0.02,0.45
4J4.5I5,0.09,0.02,0.36
4J4.7G1,0.1,0.02,0.39
4J4.8A9,0.1,0.02,0.39
4J4.30Z,0.13,0.02,0.52
4J4.9D7,0.13,0.02,0.54
4J4.2H6,0.15,0.02,0.62
4J4.17K,0.14,0.02,0.58
4J4.60E,0.15,0.02,0.62
4J4.2C9,0.13,0.02,0.53
2G2.47Z,0.1,0.02,0.37
2G2.2G3,0.1,0.02,0.37
2G2.4C9,0.1,0.02,0.37
2G2.1G0,0.1,0.02,0.37
2G2.1I5,0.1,0.02,0.37
2G2.1K2,0.1,0.02,0.37
2G2.1B0,0.1,0.02,0.37
2G2.3H0,0.1,0.02,0.37
2G2.T03,0.09,0.02,0.36
2G2.4C5,0.1,0.02,0.37
2G2.3D9,0.1,0.02,0.37
2G2.98J,0.1,0.02,0.37
2G2.85T,0.1,0.02,0.37
2G2.1G4,0.1,0.02,0.37
2G2.51Z,0.09,0.02,0.36
2G2.1I6,0.1,0.02,0.37
2G2.51A,0.1,0.02,0.37
2G2.98K,0.09,0.02,0.36
2G2.12E,0.09,0.02,0.36
2G2.61R,0.1,0.02,0.37
2G2.73V,0.12,0.02,0.48
2G2.18I,0.15,0.04,0.47
2G2.12O,0.1,0.02,0.37
2G2.77I,0.1,0.02,0.37
2G2.81O,0.1,0.02,0.37
2G2.33T,0.1,0.02,0.37
2G2.25R,0.1,0.02,0.37
2G2.3J7,0.1,0.02,0.37
2G2.32Z,0.1,0.02,0.37
2G2.4E2,0.1,0.02,0.37
2G2.0G1,0.1,0.02,0.37
2G2.5E6,0.1,0.02,0.37
2G2.1B1,0.1,0.02,0.37
2G2.0I9,0.1,0.02,0.37
2G2.06O,0.11,0.02,0.43
2G2.5I3,0.11,0.02,0.43
2G2.2F8,0.09,0.02,0.36
2G2.3B9,0.09,0.02,0.36
2G2.19T,0.1,0.02,0.37
2G2.4G8,0.09,0.02,0.36
2G2.3I6,0.1,0.02,0.37
2G2.0J4,0.1,0.02,0.37
2G2.3I9,0.1,0.02,0.37
2G2.0E3,0.09,0.02,0.36
2G2.7A2,0.09,0.02,0.36
2G2.73S,0.11,0.02,0.42
2G2.7F5,0.1,0.02,0.37
2G2.04T,0.1,0.02,0.37
2G2.1F2,0.1,0.02,0.39
2G2.5J1,0.11,0.02,0.42
2G2.9E3,0.11,0.02,0.46
2G2.36V,0.11,0.02,0.42
2G2.3I5,0.11,0.02,0.46
2G2.9I9,0.1,0.02,0.37
2G2.8D8,0.1,0.02,0.37
2G2.5B0,0.16,0.04,0.49
2G2.4D3,0.09,0.02,0.36
2G2.28B,0.11,0.02,0.45
2G2.5I5,0.09,0.02,0.36
2G2.7G1,0.1,0.02,0.39
2G2.8A9,0.1,0.02,0.39
2G2.30Z,0.13,0.02,0.52
2G2.9D7,0.13,0.02,0.54
2G2.2H6,0.15,0.02,0.62
2G2.17K,0.14,0.02,0.58
2G2.60E,0.15,0.02,0.62
2G2.2C9,0.13,0.02,0.53
47Z.2G3,0.36,0.14,0.81
47Z.4C9,0.1,0.02,0.37
47Z.1G0,0.1,0.02,0.37
47Z.1I5,0.1,0.02,0.37
47Z.1K2,0.1,0.02,0.37
47Z.1B0,0.1,0.02,0.37
47Z.3H0,0.1,0.02,0.37
47Z.T03,0.09,0.02,0.36
47Z.4C5,0.1,0.02,0.37
47Z.3D9,0.1,0.02,0.37
47Z.98J,0.1,0.02,0.37
47Z.85T,0.1,0.02,0.37
47Z.1G4,0.1,0.02,0.37
47Z.51Z,0.09,0.02,0.36
47Z.1I6,0.1,0.02,0.37
47Z.51A,0.1,0.02,0.37
47Z.98K,0.09,0.02,0.36
47Z.12E,0.09,0.02,0.36
47Z.61R,0.1,0.02,0.37
47Z.73V,0.2,0.05,0.64
47Z.18I,0.09,0.02,0.36
47Z.12O,0.1,0.02,0.37
47Z.77I,0.1,0.02,0.37
47Z.81O,0.1,0.02,0.37
47Z.33T,0.1,0.02,0.37
47Z.25R,0.1,0.02,0.37
47Z.3J7,0.23,0.07,0.6
47Z.32Z,0.1,0.02,0.37
47Z.4E2,0.1,0.02,0.37
47Z.0G1,0.1,0.02,0.37
47Z.5E6,0.1,0.02,0.37
47Z.1B1,0.1,0.02,0.37
47Z.0I9,0.1,0.02,0.37
47Z.06O,0.11,0.02,0.43
47Z.5I3,0.11,0.02,0.43
47Z.2F8,0.09,0.02,0.36
47Z.3B9,0.09,0.02,0.36
47Z.19T,0.1,0.02,0.37
47Z.4G8,0.09,0.02,0.36
47Z.3I6,0.1,0.02,0.37
47Z.0J4,0.1,0.02,0.37
47Z.3I9,0.16,0.04,0.49
47Z.0E3,0.09,0.02,0.36
47Z.7A2,0.09,0.02,0.36
47Z.73S,0.11,0.02,0.42
47Z.7F5,0.1,0.02,0.37
47Z.04T,0.1,0.02,0.37
47Z.1F2,0.1,0.02,0.39
47Z.5J1,0.11,0.02,0.42
47Z.9E3,0.11,0.02,0.46
47Z.36V,0.11,0.02,0.42
47Z.3I5,0.11,0.02,0.46
47Z.9I9,0.1,0.02,0.37
47Z.8D8,0.1,0.02,0.37
47Z.5B0,0.1,0.02,0.37
47Z.4D3,0.09,0.02,0.36
47Z.28B,0.11,0.02,0.45
47Z.5I5,0.09,0.02,0.36
47Z.7G1,0.1,0.02,0.39
47Z.8A9,0.1,0.02,0.39
47Z.30Z,0.13,0.02,0.52
47Z.9D7,0.13,0.02,0.54
47Z.2H6,0.15,0.02,0.62
47Z.17K,0.14,0.02,0.58
47Z.60E,0.15,0.02,0.62
47Z.2C9,0.13,0.02,0.53
2G3.4C9,0.1,0.02,0.37
2G3.1G0,0.1,0.02,0.37
2G3.1I5,0.1,0.02,0.37
2G3.1K2,0.1,0.02,0.37
2G3.1B0,0.1,0.02,0.37
2G3.3H0,0.1,0.02,0.37
2G3.T03,0.09,0.02,0.36
2G3.4C5,0.1,0.02,0.37
2G3.3D9,0.1,0.02,0.37
2G3.98J,0.1,0.02,0.37
2G3.85T,0.1,0.02,0.37
2G3.1G4,0.1,0.02,0.37
2G3.51Z,0.09,0.02,0.36
2G3.1I6,0.1,0.02,0.37
2G3.51A,0.1,0.02,0.37
2G3.98K,0.09,0.02,0.36
2G3.12E,0.09,0.02,0.36
2G3.61R,0.1,0.02,0.37
2G3.73V,0.12,0.02,0.48
2G3.18I,0.09,0.02,0.36
2G3.12O,0.1,0.02,0.37
2G3.77I,0.1,0.02,0.37
2G3.81O,0.1,0.02,0.37
2G3.33T,0.1,0.02,0.37
2G3.25R,0.1,0.02,0.37
2G3.3J7,0.1,0.02,0.37
2G3.32Z,0.37,0.14,0.82
2G3.4E2,0.1,0.02,0.37
2G3.0G1,0.1,0.02,0.37
2G3.5E6,0.1,0.02,0.37
2G3.1B1,0.1,0.02,0.37
2G3.0I9,0.1,0.02,0.37
2G3.06O,0.11,0.02,0.43
2G3.5I3,0.11,0.02,0.43
2G3.2F8,0.09,0.02,0.36
2G3.3B9,0.09,0.02,0.36
2G3.19T,0.1,0.02,0.37
2G3.4G8,0.09,0.02,0.36
2G3.3I6,0.1,0.02,0.37
2G3.0J4,0.1,0.02,0.37
2G3.3I9,0.1,0.02,0.37
2G3.0E3,0.09,0.02,0.36
2G3.7A2,0.09,0.02,0.36
2G3.73S,0.11,0.02,0.42
2G3.7F5,0.1,0.02,0.37
2G3.04T,0.1,0.02,0.37
2G3.1F2,0.1,0.02,0.39
2G3.5J1,0.11,0.02,0.42
2G3.9E3,0.11,0.02,0.46
2G3.36V,0.11,0.02,0.42
2G3.3I5,0.11,0.02,0.46
2G3.9I9,0.1,0.02,0.37
2G3.8D8,0.1,0.02,0.37
2G3.5B0,0.1,0.02,0.37
2G3.4D3,0.09,0.02,0.36
2G3.28B,0.11,0.02,0.45
2G3.5I5,0.09,0.02,0.36
2G3.7G1,0.1,0.02,0.39
2G3.8A9,0.1,0.02,0.39
2G3.30Z,0.13,0.02,0.52
2G3.9D7,0.13,0.02,0.54
2G3.2H6,0.15,0.02,0.62
2G3.17K,0.14,0.02,0.58
2G3.60E,0.15,0.02,0.62
2G3.2C9,0.13,0.02,0.53
4C9.1G0,0.1,0.02,0.37
4C9.1I5,0.1,0.02,0.37
4C9.1K2,0.1,0.02,0.37
4C9.1B0,0.1,0.02,0.37
4C9.3H0,0.1,0.02,0.37
4C9.T03,0.09,0.02,0.36
4C9.4C5,0.1,0.02,0.37
4C9.3D9,0.1,0.02,0.37
4C9.98J,0.1,0.02,0.37
4C9.85T,0.1,0.02,0.37
4C9.1G4,0.1,0.02,0.37
4C9.51Z,0.09,0.02,0.36
4C9.1I6,0.1,0.02,0.37
4C9.51A,0.1,0.02,0.37
4C9.98K,0.09,0.02,0.36
4C9.12E,0.09,0.02,0.36
4C9.61R,0.1,0.02,0.37
4C9.73V,0.12,0.02,0.48
4C9.18I,0.09,0.02,0.36
4C9.12O,0.1,0.02,0.37
4C9.77I,0.1,0.02,0.37
4C9.81O,0.1,0.02,0.37
4C9.33T,0.1,0.02,0.37
4C9.25R,0.1,0.02,0.37
4C9.3J7,0.1,0.02,0.37
4C9.32Z,0.1,0.02,0.37
4C9.4E2,0.1,0.02,0.37
4C9.0G1,0.1,0.02,0.37
4C9.5E6,0.1,0.02,0.37
4C9.1B1,0.1,0.02,0.37
4C9.0I9,0.1,0.02,0.37
4C9.06O,0.11,0.02,0.43
4C9.5I3,0.11,0.02,0.43
4C9.2F8,0.09,0.02,0.36
4C9.3B9,0.09,0.02,0.36
4C9.19T,0.1,0.02,0.37
4C9.4G8,0.09,0.02,0.36
4C9.3I6,0.1,0.02,0.37
4C9.0J4,0.1,0.02,0.37
4C9.3I9,0.1,0.02,0.37
4C9.0E3,0.09,0.02,0.36
4C9.7A2,0.09,0.02,0.36
4C9.73S,0.11,0.02,0.42
4C9.7F5,0.1,0.02,0.37
4C9.04T,0.1,0.02,0.37
4C9.1F2,0.1,0.02,0.39
4C9.5J1,0.11,0.02,0.42
4C9.9E3,0.11,0.02,0.46
4C9.36V,0.11,0.02,0.42
4C9.3I5,0.11,0.02,0.46
4C9.9I9,0.1,0.02,0.37
4C9.8D8,0.1,0.02,0.37
4C9.5B0,0.1,0.02,0.37
4C9.4D3,0.09,0.02,0.36
4C9.28B,0.11,0.02,0.45
4C9.5I5,0.09,0.02,0.36
4C9.7G1,0.1,0.02,0.39
4C9.8A9,0.1,0.02,0.39
4C9.30Z,0.13,0.02,0.52
4C9.9D7,0.13,0.02,0.54
4C9.2H6,0.15,0.02,0.62
4C9.17K,0.14,0.02,0.58
4C9.60E,0.15,0.02,0.62
4C9.2C9,0.13,0.02,0.53
1G0.1I5,0.1,0.02,0.37
1G0.1K2,0.1,0.02,0.37
1G0.1B0,0.1,0.02,0.37
1G0.3H0,0.1,0.02,0.37
1G0.T03,0.09,0.02,0.36
1G0.4C5,0.1,0.02,0.37
1G0.3D9,0.1,0.02,0.37
1G0.98J,0.1,0.02,0.37
1G0.85T,0.1,0.02,0.37
1G0.1G4,0.16,0.04,0.48
1G0.51Z,0.09,0.02,0.36
1G0.1I6,0.1,0.02,0.37
1G0.51A,0.1,0.02,0.37
1G0.98K,0.09,0.02,0.36
1G0.12E,0.09,0.02,0.36
1G0.61R,0.1,0.02,0.37
1G0.73V,0.12,0.02,0.48
1G0.18I,0.09,0.02,0.36
1G0.12O,0.1,0.02,0.37
1G0.77I,0.1,0.02,0.37
1G0.81O,0.1,0.02,0.37
1G0.33T,0.1,0.02,0.37
1G0.25R,0.1,0.02,0.37
1G0.3J7,0.1,0.02,0.37
1G0.32Z,0.1,0.02,0.37
1G0.4E2,0.1,0.02,0.37
1G0.0G1,0.1,0.02,0.37
1G0.5E6,0.1,0.02,0.37
1G0.1B1,0.1,0.02,0.37
1G0.0I9,0.1,0.02,0.37
1G0.06O,0.11,0.02,0.43
1G0.5I3,0.11,0.02,0.43
1G0.2F8,0.09,0.02,0.36
1G0.3B9,0.09,0.02,0.36
1G0.19T,0.1,0.02,0.37
1G0.4G8,0.09,0.02,0.36
1G0.3I6,0.1,0.02,0.37
1G0.0J4,0.1,0.02,0.37
1G0.3I9,0.1,0.02,0.37
1G0.0E3,0.09,0.02,0.36
1G0.7A2,0.09,0.02,0.36
1G0.73S,0.11,0.02,0.42
1G0.7F5,0.1,0.02,0.37
1G0.04T,0.1,0.02,0.37
1G0.1F2,0.1,0.02,0.39
1G0.5J1,0.11,0.02,0.42
1G0.9E3,0.11,0.02,0.46
1G0.36V,0.11,0.02,0.42
1G0.3I5,0.11,0.02,0.46
1G0.9I9,0.1,0.02,0.37
1G0.8D8,0.1,0.02,0.37
1G0.5B0,0.1,0.02,0.37
1G0.4D3,0.09,0.02,0.36
1G0.28B,0.11,0.02,0.45
1G0.5I5,0.09,0.02,0.36
1G0.7G1,0.1,0.02,0.39
1G0.8A9,0.1,0.02,0.39
1G0.30Z,0.13,0.02,0.52
1G0.9D7,0.13,0.02,0.54
1G0.2H6,0.15,0.02,0.62
1G0.17K,0.14,0.02,0.58
1G0.60E,0.15,0.02,0.62
1G0.2C9,0.13,0.02,0.53
1I5.1K2,0.1,0.02,0.37
1I5.1B0,0.1,0.02,0.37
1I5.3H0,0.1,0.02,0.37
1I5.T03,0.09,0.02,0.36
1I5.4C5,0.1,0.02,0.37
1I5.3D9,0.1,0.02,0.37
1I5.98J,0.1,0.02,0.37
1I5.85T,0.1,0.02,0.37
1I5.1G4,0.1,0.02,0.37
1I5.51Z,0.09,0.02,0.36
1I5.1I6,0.1,0.02,0.37
1I5.51A,0.1,0.02,0.37
1I5.98K,0.09,0.02,0.36
1I5.12E,0.09,0.02,0.36
1I5.61R,0.1,0.02,0.37
1I5.73V,0.12,0.02,0.48
1I5.18I,0.09,0.02,0.36
1I5.12O,0.1,0.02,0.37
1I5.77I,0.1,0.02,0.37
1I5.81O,0.1,0.02,0.37
1I5.33T,0.1,0.02,0.37
1I5.25R,0.1,0.02,0.37
1I5.3J7,0.1,0.02,0.37
1I5.32Z,0.1,0.02,0.37
1I5.4E2,0.1,0.02,0.37
1I5.0G1,0.1,0.02,0.37
1I5.5E6,0.1,0.02,0.37
1I5.1B1,0.1,0.02,0.37
1I5.0I9,0.1,0.02,0.37
1I5.06O,0.11,0.02,0.43
1I5.5I3,0.11,0.02,0.43
1I5.2F8,0.09,0.02,0.36
1I5.3B9,0.09,0.02,0.36
1I5.19T,0.1,0.02,0.37
1I5.4G8,0.09,0.02,0.36
1I5.3I6,0.1,0.02,0.37
1I5.0J4,0.1,0.02,0.37
1I5.3I9,0.1,0.02,0.37
1I5.0E3,0.09,0.02,0.36
1I5.7A2,0.09,0.02,0.36
1I5.73S,0.11,0.02,0.42
1I5.7F5,0.1,0.02,0.37
1I5.04T,0.1,0.02,0.37
1I5.1F2,0.1,0.02,0.39
1I5.5J1,0.11,0.02,0.42
1I5.9E3,0.11,0.02,0.46
1I5.36V,0.11,0.02,0.42
1I5.3I5,0.11,0.02,0.46
1I5.9I9,0.1,0.02,0.37
1I5.8D8,0.1,0.02,0.37
1I5.5B0,0.1,0.02,0.37
1I5.4D3,0.09,0.02,0.36
1I5.28B,0.11,0.02,0.45
1I5.5I5,0.09,0.02,0.36
1I5.7G1,0.1,0.02,0.39
1I5.8A9,0.1,0.02,0.39
1I5.30Z,0.13,0.02,0.52
1I5.9D7,0.13,0.02,0.54
1I5.2H6,0.15,0.02,0.62
1I5.17K,0.14,0.02,0.58
1I5.60E,0.15,0.02,0.62
1I5.2C9,0.13,0.02,0.53
1K2.1B0,0.16,0.04,0.48
1K2.3H0,0.1,0.02,0.37
1K2.T03,0.09,0.02,0.36
1K2.4C5,0.1,0.02,0.37
1K2.3D9,0.1,0.02,0.37
1K2.98J,0.1,0.02,0.37
1K2.85T,0.1,0.02,0.37
1K2.1G4,0.1,0.02,0.37
1K2.51Z,0.09,0.02,0.36
1K2.1I6,0.1,0.02,0.37
1K2.51A,0.1,0.02,0.37
1K2.98K,0.09,0.02,0.36
1K2.12E,0.09,0.02,0.36
1K2.61R,0.1,0.02,0.37
1K2.73V,0.12,0.02,0.48
1K2.18I,0.09,0.02,0.36
1K2.12O,0.1,0.02,0.37
1K2.77I,0.1,0.02,0.37
1K2.81O,0.1,0.02,0.37
1K2.33T,0.1,0.02,0.37
1K2.25R,0.1,0.02,0.37
1K2.3J7,0.1,0.02,0.37
1K2.32Z,0.1,0.02,0.37
1K2.4E2,0.97,0.54,1.63
1K2.0G1,0.1,0.02,0.37
1K2.5E6,0.1,0.02,0.37
1K2.1B1,0.1,0.02,0.37
1K2.0I9,0.1,0.02,0.37
1K2.06O,0.11,0.02,0.43
1K2.5I3,0.11,0.02,0.43
1K2.2F8,0.09,0.02,0.36
1K2.3B9,0.09,0.02,0.36
1K2.19T,0.1,0.02,0.37
1K2.4G8,0.09,0.02,0.36
1K2.3I6,0.1,0.02,0.37
1K2.0J4,0.1,0.02,0.37
1K2.3I9,0.1,0.02,0.37
1K2.0E3,0.09,0.02,0.36
1K2.7A2,0.09,0.02,0.36
1K2.73S,0.11,0.02,0.42
1K2.7F5,0.1,0.02,0.37
1K2.04T,0.1,0.02,0.37
1K2.1F2,0.1,0.02,0.39
1K2.5J1,0.11,0.02,0.42
1K2.9E3,0.11,0.02,0.46
1K2.36V,0.11,0.02,0.42
1K2.3I5,0.11,0.02,0.46
1K2.9I9,0.1,0.02,0.37
1K2.8D8,0.1,0.02,0.37
1K2.5B0,0.1,0.02,0.37
1K2.4D3,0.09,0.02,0.36
1K2.28B,0.11,0.02,0.45
1K2.5I5,0.09,0.02,0.36
1K2.7G1,0.1,0.02,0.39
1K2.8A9,0.1,0.02,0.39
1K2.30Z,0.13,0.02,0.52
1K2.9D7,0.13,0.02,0.54
1K2.2H6,0.15,0.02,0.62
1K2.17K,0.14,0.02,0.58
1K2.60E,0.15,0.02,0.62
1K2.2C9,0.13,0.02,0.53
1B0.3H0,0.16,0.04,0.48
1B0.T03,0.09,0.02,0.36
1B0.4C5,0.1,0.02,0.37
1B0.3D9,0.1,0.02,0.37
1B0.98J,0.1,0.02,0.37
1B0.85T,0.1,0.02,0.37
1B0.1G4,0.1,0.02,0.37
1B0.51Z,0.09,0.02,0.36
1B0.1I6,0.1,0.02,0.37
1B0.51A,0.1,0.02,0.37
1B0.98K,0.09,0.02,0.36
1B0.12E,0.09,0.02,0.36
1B0.61R,0.1,0.02,0.37
1B0.73V,0.12,0.02,0.48
1B0.18I,0.09,0.02,0.36
1B0.12O,0.1,0.02,0.37
1B0.77I,0.1,0.02,0.37
1B0.81O,0.1,0.02,0.37
1B0.33T,0.1,0.02,0.37
1B0.25R,0.1,0.02,0.37
1B0.3J7,0.1,0.02,0.37
1B0.32Z,0.1,0.02,0.37
1B0.4E2,0.1,0.02,0.37
1B0.0G1,0.1,0.02,0.37
1B0.5E6,0.1,0.02,0.37
1B0.1B1,0.1,0.02,0.37
1B0.0I9,0.1,0.02,0.37
1B0.06O,0.11,0.02,0.43
1B0.5I3,0.11,0.02,0.43
1B0.2F8,0.09,0.02,0.36
1B0.3B9,0.09,0.02,0.36
1B0.19T,0.1,0.02,0.37
1B0.4G8,0.09,0.02,0.36
1B0.3I6,0.1,0.02,0.37
1B0.0J4,0.1,0.02,0.37
1B0.3I9,0.1,0.02,0.37
1B0.0E3,0.09,0.02,0.36
1B0.7A2,0.09,0.02,0.36
1B0.73S,0.11,0.02,0.42
1B0.7F5,0.16,0.04,0.48
1B0.04T,0.1,0.02,0.37
1B0.1F2,0.1,0.02,0.39
1B0.5J1,0.11,0.02,0.42
1B0.9E3,0.11,0.02,0.46
1B0.36V,0.11,0.02,0.42
1B0.3I5,0.11,0.02,0.46
1B0.9I9,0.1,0.02,0.37
1B0.8D8,0.1,0.02,0.37
1B0.5B0,0.1,0.02,0.37
1B0.4D3,0.09,0.02,0.36
1B0.28B,0.11,0.02,0.45
1B0.5I5,0.09,0.02,0.36
1B0.7G1,0.1,0.02,0.39
1B0.8A9,0.1,0.02,0.39
1B0.30Z,0.13,0.02,0.52
1B0.9D7,0.13,0.02,0.54
1B0.2H6,0.15,0.02,0.62
1B0.17K,0.14,0.02,0.58
1B0.60E,0.15,0.02,0.62
1B0.2C9,0.13,0.02,0.53
3H0.T03,0.09,0.02,0.36
3H0.4C5,0.1,0.02,0.37
3H0.3D9,0.1,0.02,0.37
3H0.98J,0.1,0.02,0.37
3H0.85T,0.1,0.02,0.37
3H0.1G4,0.1,0.02,0.37
3H0.51Z,0.15,0.04,0.48
3H0.1I6,0.1,0.02,0.37
3H0.51A,0.1,0.02,0.37
3H0.98K,0.09,0.02,0.36
3H0.12E,0.09,0.02,0.36
3H0.61R,0.1,0.02,0.37
3H0.73V,0.12,0.02,0.48
3H0.18I,0.09,0.02,0.36
3H0.12O,0.1,0.02,0.37
3H0.77I,0.1,0.02,0.37
3H0.81O,0.1,0.02,0.37
3H0.33T,0.1,0.02,0.37
3H0.25R,0.1,0.02,0.37
3H0.3J7,0.1,0.02,0.37
3H0.32Z,0.1,0.02,0.37
3H0.4E2,0.16,0.04,0.48
3H0.0G1,0.1,0.02,0.37
3H0.5E6,0.1,0.02,0.37
3H0.1B1,0.1,0.02,0.37
3H0.0I9,0.1,0.02,0.37
3H0.06O,0.11,0.02,0.43
3H0.5I3,0.11,0.02,0.43
3H0.2F8,0.09,0.02,0.36
3H0.3B9,0.09,0.02,0.36
3H0.19T,0.1,0.02,0.37
3H0.4G8,0.09,0.02,0.36
3H0.3I6,0.1,0.02,0.37
3H0.0J4,0.16,0.04,0.48
3H0.3I9,0.1,0.02,0.37
3H0.0E3,0.09,0.02,0.36
3H0.7A2,0.09,0.02,0.36
3H0.73S,0.11,0.02,0.42
3H0.7F5,0.1,0.02,0.37
3H0.04T,0.1,0.02,0.37
3H0.1F2,0.1,0.02,0.39
3H0.5J1,0.11,0.02,0.42
3H0.9E3,0.11,0.02,0.46
3H0.36V,0.11,0.02,0.42
3H0.3I5,0.11,0.02,0.46
3H0.9I9,0.1,0.02,0.37
3H0.8D8,0.1,0.02,0.37
3H0.5B0,0.1,0.02,0.37
3H0.4D3,0.09,0.02,0.36
3H0.28B,0.11,0.02,0.45
3H0.5I5,0.09,0.02,0.36
3H0.7G1,0.1,0.02,0.39
3H0.8A9,0.1,0.02,0.39
3H0.30Z,0.13,0.02,0.52
3H0.9D7,0.13,0.02,0.54
3H0.2H6,0.15,0.02,0.62
3H0.17K,0.14,0.02,0.58
3H0.60E,0.15,0.02,0.62
3H0.2C9,0.13,0.02,0.53
T03.4C5,0.22,0.07,0.59
T03.3D9,0.15,0.04,0.48
T03.98J,0.1,0.02,0.37
T03.85T,0.1,0.02,0.37
T03.1G4,0.09,0.02,0.36
T03.51Z,0.09,0.02,0.36
T03.1I6,0.15,0.04,0.48
T03.51A,0.1,0.02,0.37
T03.98K,0.09,0.02,0.36
T03.12E,0.09,0.02,0.36
T03.61R,0.09,0.02,0.36
T03.73V,0.12,0.02,0.47
T03.18I,0.09,0.02,0.35
T03.12O,0.09,0.02,0.36
T03.77I,0.09,0.02,0.36
T03.81O,0.09,0.02,0.36
T03.33T,0.1,0.02,0.37
T03.25R,0.09,0.02,0.36
T03.3J7,0.1,0.02,0.37
T03.32Z,0.1,0.02,0.37
T03.4E2,0.09,0.02,0.36
T03.0G1,0.09,0.02,0.36
T03.5E6,0.1,0.02,0.37
T03.1B1,0.1,0.02,0.37
T03.0I9,0.09,0.02,0.36
T03.06O,0.11,0.02,0.42
T03.5I3,0.11,0.02,0.42
T03.2F8,0.09,0.02,0.36
T03.3B9,0.09,0.02,0.36
T03.19T,0.09,0.02,0.36
T03.4G8,0.09,0.02,0.36
T03.3I6,0.09,0.02,0.36
T03.0J4,0.09,0.02,0.36
T03.3I9,0.1,0.02,0.37
T03.0E3,0.09,0.02,0.36
T03.7A2,0.09,0.02,0.36
T03.73S,0.11,0.02,0.41
T03.7F5,0.09,0.02,0.36
T03.04T,0.1,0.02,0.37
T03.1F2,0.1,0.02,0.38
T03.5J1,0.11,0.02,0.41
T03.9E3,0.11,0.02,0.45
T03.36V,0.11,0.02,0.41
T03.3I5,0.11,0.02,0.45
T03.9I9,0.09,0.02,0.36
T03.8D8,0.1,0.02,0.37
T03.5B0,0.1,0.02,0.37
T03.4D3,0.09,0.02,0.36
T03.28B,0.11,0.02,0.44
T03.5I5,0.09,0.02,0.35
T03.7G1,0.1,0.02,0.38
T03.8A9,0.1,0.02,0.38
T03.30Z,0.12,0.02,0.51
T03.9D7,0.13,0.02,0.53
T03.2H6,0.14,0.02,0.61
T03.17K,0.14,0.02,0.56
T03.60E,0.14,0.02,0.61
T03.2C9,0.13,0.02,0.52
4C5.3D9,0.16,0.04,0.48
4C5.98J,0.1,0.02,0.37
4C5.85T,0.1,0.02,0.37
4C5.1G4,0.1,0.02,0.37
4C5.51Z,0.09,0.02,0.36
4C5.1I6,0.1,0.02,0.37
4C5.51A,0.1,0.02,0.37
4C5.98K,0.09,0.02,0.36
4C5.12E,0.09,0.02,0.36
4C5.61R,0.1,0.02,0.37
4C5.73V,0.12,0.02,0.48
4C5.18I,0.29,0.1,0.69
4C5.12O,0.1,0.02,0.37
4C5.77I,0.1,0.02,0.37
4C5.81O,0.1,0.02,0.37
4C5.33T,0.1,0.02,0.37
4C5.25R,0.29,0.1,0.7
4C5.3J7,0.23,0.07,0.6
4C5.32Z,0.1,0.02,0.37
4C5.4E2,0.1,0.02,0.37
4C5.0G1,0.1,0.02,0.37
4C5.5E6,0.1,0.02,0.37
4C5.1B1,0.1,0.02,0.37
4C5.0I9,0.1,0.02,0.37
4C5.06O,0.11,0.02,0.43
4C5.5I3,0.11,0.02,0.43
4C5.2F8,0.09,0.02,0.36
4C5.3B9,0.09,0.02,0.36
4C5.19T,0.1,0.02,0.37
4C5.4G8,0.09,0.02,0.36
4C5.3I6,0.16,0.04,0.48
4C5.0J4,0.1,0.02,0.37
4C5.3I9,0.1,0.02,0.37
4C5.0E3,0.09,0.02,0.36
4C5.7A2,0.09,0.02,0.36
4C5.73S,0.11,0.02,0.42
4C5.7F5,0.1,0.02,0.37
4C5.04T,0.1,0.02,0.37
4C5.1F2,0.1,0.02,0.39
4C5.5J1,0.11,0.02,0.42
4C5.9E3,0.11,0.02,0.46
4C5.36V,0.11,0.02,0.42
4C5.3I5,0.11,0.02,0.46
4C5.9I9,0.1,0.02,0.37
4C5.8D8,0.1,0.02,0.37
4C5.5B0,0.1,0.02,0.37
4C5.4D3,0.09,0.02,0.36
4C5.28B,0.11,0.02,0.45
4C5.5I5,0.09,0.02,0.36
4C5.7G1,0.1,0.02,0.39
4C5.8A9,0.1,0.02,0.39
4C5.30Z,0.13,0.02,0.52
4C5.9D7,0.13,0.02,0.54
4C5.2H6,0.15,0.02,0.62
4C5.17K,0.14,0.02,0.58
4C5.60E,0.15,0.02,0.62
4C5.2C9,0.13,0.02,0.53
3D9.98J,0.1,0.02,0.37
3D9.85T,0.1,0.02,0.37
3D9.1G4,0.1,0.02,0.37
3D9.51Z,0.09,0.02,0.36
3D9.1I6,0.1,0.02,0.37
3D9.51A,0.1,0.02,0.37
3D9.98K,0.09,0.02,0.36
3D9.12E,0.09,0.02,0.36
3D9.61R,0.1,0.02,0.37
3D9.73V,0.12,0.02,0.48
3D9.18I,0.09,0.02,0.36
3D9.12O,0.1,0.02,0.37
3D9.77I,0.1,0.02,0.37
3D9.81O,0.1,0.02,0.37
3D9.33T,0.1,0.02,0.37
3D9.25R,0.1,0.02,0.37
3D9.3J7,0.1,0.02,0.37
3D9.32Z,0.1,0.02,0.37
3D9.4E2,0.66,0.32,1.23
3D9.0G1,0.16,0.04,0.48
3D9.5E6,0.1,0.02,0.37
3D9.1B1,0.1,0.02,0.37
3D9.0I9,0.1,0.02,0.37
3D9.06O,0.11,0.02,0.43
3D9.5I3,0.11,0.02,0.43
3D9.2F8,0.09,0.02,0.36
3D9.3B9,0.09,0.02,0.36
3D9.19T,0.1,0.02,0.37
3D9.4G8,0.09,0.02,0.36
3D9.3I6,0.1,0.02,0.37
3D9.0J4,0.1,0.02,0.37
3D9.3I9,0.1,0.02,0.37
3D9.0E3,0.09,0.02,0.36
3D9.7A2,0.09,0.02,0.36
3D9.73S,0.11,0.02,0.42
3D9.7F5,0.16,0.04,0.48
3D9.04T,0.1,0.02,0.37
3D9.1F2,0.1,0.02,0.39
3D9.5J1,0.11,0.02,0.42
3D9.9E3,0.11,0.02,0.46
3D9.36V,0.11,0.02,0.42
3D9.3I5,0.11,0.02,0.46
3D9.9I9,0.1,0.02,0.37
3D9.8D8,0.1,0.02,0.37
3D9.5B0,0.1,0.02,0.37
3D9.4D3,0.09,0.02,0.36
3D9.28B,0.11,0.02,0.45
3D9.5I5,0.09,0.02,0.36
3D9.7G1,0.1,0.02,0.39
3D9.8A9,0.1,0.02,0.39
3D9.30Z,0.13,0.02,0.52
3D9.9D7,0.13,0.02,0.54
3D9.2H6,0.15,0.02,0.62
3D9.17K,0.14,0.02,0.58
3D9.60E,0.15,0.02,0.62
3D9.2C9,0.13,0.02,0.53
98J.85T,0.23,0.07,0.61
98J.1G4,0.52,0.23,1.03
98J.51Z,0.1,0.02,0.37
98J.1I6,0.1,0.02,0.37
98J.51A,0.1,0.02,0.37
98J.98K,0.1,0.02,0.37
98J.12E,0.1,0.02,0.37
98J.61R,0.1,0.02,0.37
98J.73V,0.12,0.02,0.48
98J.18I,0.43,0.18,0.9
98J.12O,0.1,0.02,0.37
98J.77I,0.1,0.02,0.37
98J.81O,0.1,0.02,0.37
98J.33T,0.16,0.04,0.49
98J.25R,0.1,0.02,0.37
98J.3J7,0.1,0.02,0.37
98J.32Z,0.1,0.02,0.37
98J.4E2,0.1,0.02,0.37
98J.0G1,0.1,0.02,0.37
98J.5E6,0.1,0.02,0.38
98J.1B1,0.1,0.02,0.37
98J.0I9,0.16,0.04,0.49
98J.06O,0.11,0.02,0.44
98J.5I3,0.11,0.02,0.44
98J.2F8,0.1,0.02,0.37
98J.3B9,0.1,0.02,0.37
98J.19T,0.1,0.02,0.37
98J.4G8,0.1,0.02,0.37
98J.3I6,0.1,0.02,0.37
98J.0J4,0.1,0.02,0.37
98J.3I9,0.1,0.02,0.37
98J.0E3,0.1,0.02,0.37
98J.7A2,0.1,0.02,0.37
98J.73S,0.11,0.02,0.42
98J.7F5,0.1,0.02,0.37
98J.04T,0.1,0.02,0.37
98J.1F2,0.1,0.02,0.39
98J.5J1,0.11,0.02,0.42
98J.9E3,0.12,0.02,0.46
98J.36V,0.11,0.02,0.42
98J.3I5,0.12,0.02,0.46
98J.9I9,0.1,0.02,0.37
98J.8D8,0.1,0.02,0.37
98J.5B0,0.1,0.02,0.37
98J.4D3,0.1,0.02,0.37
98J.28B,0.11,0.02,0.46
98J.5I5,0.09,0.02,0.36
98J.7G1,0.1,0.02,0.39
98J.8A9,0.1,0.02,0.39
98J.30Z,0.13,0.02,0.53
98J.9D7,0.13,0.02,0.54
98J.2H6,0.15,0.02,0.64
98J.17K,0.14,0.02,0.59
98J.60E,0.15,0.02,0.64
98J.2C9,0.13,0.02,0.54
85T.1G4,0.3,0.1,0.71
85T.51Z,0.1,0.02,0.37
85T.1I6,0.1,0.02,0.37
85T.51A,0.1,0.02,0.37
85T.98K,0.1,0.02,0.37
85T.12E,0.1,0.02,0.37
85T.61R,0.1,0.02,0.37
85T.73V,0.12,0.02,0.48
85T.18I,0.09,0.02,0.36
85T.12O,0.1,0.02,0.37
85T.77I,0.16,0.04,0.49
85T.81O,0.1,0.02,0.37
85T.33T,0.1,0.02,0.37
85T.25R,0.1,0.02,0.37
85T.3J7,0.1,0.02,0.37
85T.32Z,0.1,0.02,0.37
85T.4E2,0.1,0.02,0.37
85T.0G1,0.1,0.02,0.37
85T.5E6,0.1,0.02,0.38
85T.1B1,0.1,0.02,0.37
85T.0I9,0.23,0.07,0.6
85T.06O,0.18,0.04,0.58
85T.5I3,0.11,0.02,0.44
85T.2F8,0.1,0.02,0.37
85T.3B9,0.1,0.02,0.37
85T.19T,0.1,0.02,0.37
85T.4G8,0.1,0.02,0.37
85T.3I6,0.1,0.02,0.37
85T.0J4,0.1,0.02,0.37
85T.3I9,0.1,0.02,0.37
85T.0E3,0.1,0.02,0.37
85T.7A2,0.1,0.02,0.37
85T.73S,0.11,0.02,0.42
85T.7F5,0.1,0.02,0.37
85T.04T,0.1,0.02,0.37
85T.1F2,0.1,0.02,0.39
85T.5J1,0.11,0.02,0.42
85T.9E3,0.12,0.02,0.46
85T.36V,0.11,0.02,0.42
85T.3I5,0.12,0.02,0.46
85T.9I9,0.1,0.02,0.37
85T.8D8,0.1,0.02,0.37
85T.5B0,0.1,0.02,0.37
85T.4D3,0.1,0.02,0.37
85T.28B,0.11,0.02,0.46
85T.5I5,0.09,0.02,0.36
85T.7G1,0.1,0.02,0.39
85T.8A9,0.1,0.02,0.39
85T.30Z,0.13,0.02,0.53
85T.9D7,0.13,0.02,0.54
85T.2H6,0.15,0.02,0.64
85T.17K,0.14,0.02,0.59
85T.60E,0.15,0.02,0.64
85T.2C9,0.13,0.02,0.54
1G4.51Z,0.15,0.04,0.48
1G4.1I6,0.1,0.02,0.37
1G4.51A,0.1,0.02,0.37
1G4.98K,0.09,0.02,0.36
1G4.12E,0.09,0.02,0.36
1G4.61R,0.1,0.02,0.37
1G4.73V,0.12,0.02,0.48
1G4.18I,0.09,0.02,0.36
1G4.12O,0.1,0.02,0.37
1G4.77I,0.1,0.02,0.37
1G4.81O,0.1,0.02,0.37
1G4.33T,0.1,0.02,0.37
1G4.25R,0.1,0.02,0.37
1G4.3J7,0.1,0.02,0.37
1G4.32Z,0.1,0.02,0.37
1G4.4E2,0.1,0.02,0.37
1G4.0G1,0.1,0.02,0.37
1G4.5E6,0.1,0.02,0.37
1G4.1B1,0.1,0.02,0.37
1G4.0I9,0.16,0.04,0.48
1G4.06O,0.11,0.02,0.43
1G4.5I3,0.11,0.02,0.43
1G4.2F8,0.09,0.02,0.36
1G4.3B9,0.09,0.02,0.36
1G4.19T,0.1,0.02,0.37
1G4.4G8,0.09,0.02,0.36
1G4.3I6,0.1,0.02,0.37
1G4.0J4,0.1,0.02,0.37
1G4.3I9,0.1,0.02,0.37
1G4.0E3,0.09,0.02,0.36
1G4.7A2,0.09,0.02,0.36
1G4.73S,0.11,0.02,0.42
1G4.7F5,0.1,0.02,0.37
1G4.04T,0.1,0.02,0.37
1G4.1F2,0.1,0.02,0.39
1G4.5J1,0.11,0.02,0.42
1G4.9E3,0.11,0.02,0.46
1G4.36V,0.11,0.02,0.42
1G4.3I5,0.11,0.02,0.46
1G4.9I9,0.1,0.02,0.37
1G4.8D8,0.1,0.02,0.37
1G4.5B0,0.1,0.02,0.37
1G4.4D3,0.09,0.02,0.36
1G4.28B,0.11,0.02,0.45
1G4.5I5,0.09,0.02,0.36
1G4.7G1,0.1,0.02,0.39
1G4.8A9,0.1,0.02,0.39
1G4.30Z,0.13,0.02,0.52
1G4.9D7,0.13,0.02,0.54
1G4.2H6,0.15,0.02,0.62
1G4.17K,0.14,0.02,0.58
1G4.60E,0.15,0.02,0.62
1G4.2C9,0.13,0.02,0.53
51Z.1I6,0.36,0.14,0.8
51Z.51A,0.1,0.02,0.37
51Z.98K,0.09,0.02,0.36
51Z.12E,0.09,0.02,0.36
51Z.61R,0.15,0.04,0.48
51Z.73V,0.12,0.02,0.47
51Z.18I,0.09,0.02,0.35
51Z.12O,0.09,0.02,0.36
51Z.77I,0.09,0.02,0.36
51Z.81O,0.09,0.02,0.36
51Z.33T,0.1,0.02,0.37
51Z.25R,0.09,0.02,0.36
51Z.3J7,0.1,0.02,0.37
51Z.32Z,0.1,0.02,0.37
51Z.4E2,0.09,0.02,0.36
51Z.0G1,0.09,0.02,0.36
51Z.5E6,0.1,0.02,0.37
51Z.1B1,0.1,0.02,0.37
51Z.0I9,0.09,0.02,0.36
51Z.06O,0.11,0.02,0.42
51Z.5I3,0.11,0.02,0.42
51Z.2F8,0.09,0.02,0.36
51Z.3B9,0.09,0.02,0.36
51Z.19T,0.09,0.02,0.36
51Z.4G8,0.09,0.02,0.36
51Z.3I6,0.09,0.02,0.36
51Z.0J4,0.09,0.02,0.36
51Z.3I9,0.1,0.02,0.37
51Z.0E3,0.09,0.02,0.36
51Z.7A2,0.09,0.02,0.36
51Z.73S,0.11,0.02,0.41
51Z.7F5,0.09,0.02,0.36
51Z.04T,0.1,0.02,0.37
51Z.1F2,0.1,0.02,0.38
51Z.5J1,0.11,0.02,0.41
51Z.9E3,0.11,0.02,0.45
51Z.36V,0.11,0.02,0.41
51Z.3I5,0.11,0.02,0.45
51Z.9I9,0.09,0.02,0.36
51Z.8D8,0.1,0.02,0.37
51Z.5B0,0.1,0.02,0.37
51Z.4D3,0.09,0.02,0.36
51Z.28B,0.11,0.02,0.44
51Z.5I5,0.09,0.02,0.35
51Z.7G1,0.1,0.02,0.38
51Z.8A9,0.1,0.02,0.38
51Z.30Z,0.12,0.02,0.51
51Z.9D7,0.13,0.02,0.53
51Z.2H6,0.14,0.02,0.61
51Z.17K,0.14,0.02,0.56
51Z.60E,0.14,0.02,0.61
51Z.2C9,0.13,0.02,0.52
1I6.51A,0.1,0.02,0.37
1I6.98K,0.09,0.02,0.36
1I6.12E,0.09,0.02,0.36
1I6.61R,0.1,0.02,0.37
1I6.73V,0.12,0.02,0.48
1I6.18I,0.09,0.02,0.36
1I6.12O,0.1,0.02,0.37
1I6.77I,0.22,0.07,0.59
1I6.81O,0.1,0.02,0.37
1I6.33T,0.1,0.02,0.37
1I6.25R,0.16,0.04,0.48
1I6.3J7,0.1,0.02,0.37
1I6.32Z,0.1,0.02,0.37
1I6.4E2,0.1,0.02,0.37
1I6.0G1,0.1,0.02,0.37
1I6.5E6,0.23,0.07,0.61
1I6.1B1,0.1,0.02,0.37
1I6.0I9,0.1,0.02,0.37
1I6.06O,0.11,0.02,0.43
1I6.5I3,0.11,0.02,0.43
1I6.2F8,0.09,0.02,0.36
1I6.3B9,0.09,0.02,0.36
1I6.19T,0.1,0.02,0.37
1I6.4G8,0.09,0.02,0.36
1I6.3I6,0.1,0.02,0.37
1I6.0J4,0.1,0.02,0.37
1I6.3I9,0.1,0.02,0.37
1I6.0E3,0.09,0.02,0.36
1I6.7A2,0.09,0.02,0.36
1I6.73S,0.11,0.02,0.42
1I6.7F5,0.1,0.02,0.37
1I6.04T,0.1,0.02,0.37
1I6.1F2,0.1,0.02,0.39
1I6.5J1,0.11,0.02,0.42
1I6.9E3,0.11,0.02,0.46
1I6.36V,0.11,0.02,0.42
1I6.3I5,0.11,0.02,0.46
1I6.9I9,0.1,0.02,0.37
1I6.8D8,0.1,0.02,0.37
1I6.5B0,0.1,0.02,0.37
1I6.4D3,0.09,0.02,0.36
1I6.28B,0.11,0.02,0.45
1I6.5I5,0.09,0.02,0.36
1I6.7G1,0.17,0.04,0.51
1I6.8A9,0.1,0.02,0.39
1I6.30Z,0.13,0.02,0.52
1I6.9D7,0.13,0.02,0.54
1I6.2H6,0.15,0.02,0.62
1I6.17K,0.14,0.02,0.58
1I6.60E,0.15,0.02,0.62
1I6.2C9,0.13,0.02,0.53
51A.98K,0.1,0.02,0.37
51A.12E,0.16,0.04,0.48
51A.61R,0.16,0.04,0.49
51A.73V,0.12,0.02,0.48
51A.18I,0.09,0.02,0.36
51A.12O,0.1,0.02,0.37
51A.77I,0.1,0.02,0.37
51A.81O,0.1,0.02,0.37
51A.33T,0.1,0.02,0.37
51A.25R,0.1,0.02,0.37
51A.3J7,0.1,0.02,0.37
51A.32Z,0.1,0.02,0.37
51A.4E2,0.1,0.02,0.37
51A.0G1,0.1,0.02,0.37
51A.5E6,0.1,0.02,0.38
51A.1B1,0.1,0.02,0.37
51A.0I9,0.1,0.02,0.37
51A.06O,0.11,0.02,0.44
51A.5I3,0.11,0.02,0.44
51A.2F8,0.1,0.02,0.37
51A.3B9,0.1,0.02,0.37
51A.19T,0.1,0.02,0.37
51A.4G8,0.1,0.02,0.37
51A.3I6,0.1,0.02,0.37
51A.0J4,0.1,0.02,0.37
51A.3I9,0.1,0.02,0.37
51A.0E3,0.1,0.02,0.37
51A.7A2,0.1,0.02,0.37
51A.73S,0.11,0.02,0.42
51A.7F5,0.1,0.02,0.37
51A.04T,0.1,0.02,0.37
51A.1F2,0.1,0.02,0.39
51A.5J1,0.11,0.02,0.42
51A.9E3,0.12,0.02,0.46
51A.36V,0.11,0.02,0.42
51A.3I5,0.12,0.02,0.46
51A.9I9,0.1,0.02,0.37
51A.8D8,0.1,0.02,0.37
51A.5B0,0.1,0.02,0.37
51A.4D3,0.1,0.02,0.37
51A.28B,0.11,0.02,0.46
51A.5I5,0.09,0.02,0.36
51A.7G1,0.1,0.02,0.39
51A.8A9,0.1,0.02,0.39
51A.30Z,0.13,0.02,0.53
51A.9D7,0.13,0.02,0.54
51A.2H6,0.15,0.02,0.64
51A.17K,0.14,0.02,0.59
51A.60E,0.15,0.02,0.64
51A.2C9,0.13,0.02,0.54
98K.12E,0.09,0.02,0.36
98K.61R,0.09,0.02,0.36
98K.73V,0.12,0.02,0.47
98K.18I,0.09,0.02,0.35
98K.12O,0.09,0.02,0.36
98K.77I,0.15,0.04,0.48
98K.81O,0.09,0.02,0.36
98K.33T,0.1,0.02,0.37
98K.25R,0.09,0.02,0.36
98K.3J7,0.1,0.02,0.37
98K.32Z,0.16,0.04,0.48
98K.4E2,0.09,0.02,0.36
98K.0G1,0.09,0.02,0.36
98K.5E6,0.1,0.02,0.37
98K.1B1,0.1,0.02,0.37
98K.0I9,0.09,0.02,0.36
98K.06O,0.11,0.02,0.42
98K.5I3,0.11,0.02,0.42
98K.2F8,0.09,0.02,0.36
98K.3B9,0.09,0.02,0.36
98K.19T,0.09,0.02,0.36
98K.4G8,0.09,0.02,0.36
98K.3I6,0.09,0.02,0.36
98K.0J4,0.09,0.02,0.36
98K.3I9,0.1,0.02,0.37
98K.0E3,0.09,0.02,0.36
98K.7A2,0.09,0.02,0.36
98K.73S,0.11,0.02,0.41
98K.7F5,0.09,0.02,0.36
98K.04T,0.1,0.02,0.37
98K.1F2,0.1,0.02,0.38
98K.5J1,0.11,0.02,0.41
98K.9E3,0.11,0.02,0.45
98K.36V,0.11,0.02,0.41
98K.3I5,0.11,0.02,0.45
98K.9I9,0.09,0.02,0.36
98K.8D8,0.1,0.02,0.37
98K.5B0,0.1,0.02,0.37
98K.4D3,0.09,0.02,0.36
98K.28B,0.11,0.02,0.44
98K.5I5,0.09,0.02,0.35
98K.7G1,0.1,0.02,0.38
98K.8A9,0.16,0.04,0.51
98K.30Z,0.12,0.02,0.51
98K.9D7,0.13,0.02,0.53
98K.2H6,0.14,0.02,0.61
98K.17K,0.14,0.02,0.56
98K.60E,0.14,0.02,0.61
98K.2C9,0.13,0.02,0.52
12E.61R,0.09,0.02,0.36
12E.73V,0.12,0.02,0.47
12E.18I,0.09,0.02,0.35
12E.12O,0.09,0.02,0.36
12E.77I,0.09,0.02,0.36
12E.81O,0.09,0.02,0.36
12E.33T,0.1,0.02,0.37
12E.25R,0.09,0.02,0.36
12E.3J7,0.1,0.02,0.37
12E.32Z,0.1,0.02,0.37
12E.4E2,0.09,0.02,0.36
12E.0G1,0.09,0.02,0.36
12E.5E6,0.1,0.02,0.37
12E.1B1,0.1,0.02,0.37
12E.0I9,0.09,0.02,0.36
12E.06O,0.11,0.02,0.42
12E.5I3,0.11,0.02,0.42
12E.2F8,0.09,0.02,0.36
12E.3B9,0.09,0.02,0.36
12E.19T,0.09,0.02,0.36
12E.4G8,0.09,0.02,0.36
12E.3I6,0.09,0.02,0.36
12E.0J4,0.09,0.02,0.36
12E.3I9,0.1,0.02,0.37
12E.0E3,0.09,0.02,0.36
12E.7A2,0.09,0.02,0.36
12E.73S,0.11,0.02,0.41
12E.7F5,0.09,0.02,0.36
12E.04T,0.1,0.02,0.37
12E.1F2,0.1,0.02,0.38
12E.5J1,0.11,0.02,0.41
12E.9E3,0.11,0.02,0.45
12E.36V,0.11,0.02,0.41
12E.3I5,0.11,0.02,0.45
12E.9I9,0.09,0.02,0.36
12E.8D8,0.1,0.02,0.37
12E.5B0,0.1,0.02,0.37
12E.4D3,0.09,0.02,0.36
12E.28B,0.11,0.02,0.44
12E.5I5,0.09,0.02,0.35
12E.7G1,0.1,0.02,0.38
12E.8A9,0.1,0.02,0.38
12E.30Z,0.12,0.02,0.51
12E.9D7,0.13,0.02,0.53
12E.2H6,0.14,0.02,0.61
12E.17K,0.14,0.02,0.56
12E.60E,0.14,0.02,0.61
12E.2C9,0.13,0.02,0.52
61R.73V,0.12,0.02,0.48
61R.18I,0.09,0.02,0.36
61R.12O,0.1,0.02,0.37
61R.77I,0.1,0.02,0.37
61R.81O,0.1,0.02,0.37
61R.33T,0.1,0.02,0.37
61R.25R,0.1,0.02,0.37
61R.3J7,0.1,0.02,0.37
61R.32Z,0.1,0.02,0.37
61R.4E2,0.1,0.02,0.37
61R.0G1,0.1,0.02,0.37
61R.5E6,0.1,0.02,0.37
61R.1B1,0.1,0.02,0.37
61R.0I9,0.1,0.02,0.37
61R.06O,0.11,0.02,0.43
61R.5I3,0.11,0.02,0.43
61R.2F8,0.09,0.02,0.36
61R.3B9,0.09,0.02,0.36
61R.19T,0.1,0.02,0.37
61R.4G8,0.09,0.02,0.36
61R.3I6,0.1,0.02,0.37
61R.0J4,0.1,0.02,0.37
61R.3I9,0.1,0.02,0.37
61R.0E3,0.09,0.02,0.36
61R.7A2,0.09,0.02,0.36
61R.73S,0.11,0.02,0.42
61R.7F5,0.1,0.02,0.37
61R.04T,0.1,0.02,0.37
61R.1F2,0.1,0.02,0.39
61R.5J1,0.11,0.02,0.42
61R.9E3,0.11,0.02,0.46
61R.36V,0.11,0.02,0.42
61R.3I5,0.11,0.02,0.46
61R.9I9,0.1,0.02,0.37
61R.8D8,0.1,0.02,0.37
61R.5B0,0.1,0.02,0.37
61R.4D3,0.09,0.02,0.36
61R.28B,0.11,0.02,0.45
61R.5I5,0.09,0.02,0.36
61R.7G1,0.1,0.02,0.39
61R.8A9,0.1,0.02,0.39
61R.30Z,0.13,0.02,0.52
61R.9D7,0.13,0.02,0.54
61R.2H6,0.15,0.02,0.62
61R.17K,0.14,0.02,0.58
61R.60E,0.15,0.02,0.62
61R.2C9,0.13,0.02,0.53
73V.18I,0.12,0.02,0.46
73V.12O,0.12,0.02,0.48
73V.77I,0.12,0.02,0.48
73V.81O,0.12,0.02,0.48
73V.33T,0.12,0.02,0.48
73V.25R,0.12,0.02,0.48
73V.3J7,0.12,0.02,0.48
73V.32Z,0.12,0.02,0.48
73V.4E2,0.12,0.02,0.48
73V.0G1,0.12,0.02,0.48
73V.5E6,0.12,0.02,0.49
73V.1B1,0.12,0.02,0.48
73V.0I9,0.12,0.02,0.48
73V.06O,0.14,0.02,0.6
73V.5I3,0.14,0.02,0.6
73V.2F8,0.12,0.02,0.47
73V.3B9,0.12,0.02,0.47
73V.19T,0.12,0.02,0.48
73V.4G8,0.12,0.02,0.47
73V.3I6,0.12,0.02,0.48
73V.0J4,0.12,0.02,0.48
73V.3I9,0.12,0.02,0.48
73V.0E3,0.12,0.02,0.47
73V.7A2,0.12,0.02,0.47
73V.73S,0.14,0.02,0.58
73V.7F5,0.12,0.02,0.48
73V.04T,0.12,0.02,0.48
73V.1F2,0.13,0.02,0.52
73V.5J1,0.14,0.02,0.58
73V.9E3,0.15,0.02,0.65
73V.36V,0.14,0.02,0.58
73V.3I5,0.15,0.02,0.65
73V.9I9,0.12,0.02,0.48
73V.8D8,0.12,0.02,0.48
73V.5B0,0.12,0.02,0.48
73V.4D3,0.12,0.02,0.47
73V.28B,0.15,0.02,0.64
73V.5I5,0.12,0.02,0.46
73V.7G1,0.13,0.02,0.52
73V.8A9,0.13,0.02,0.52
73V.30Z,0.18,0.03,0.79
73V.9D7,0.19,0.03,0.84
73V.2H6,0.23,0.03,1.11
73V.17K,0.21,0.03,0.96
73V.60E,0.23,0.03,1.11
73V.2C9,0.18,0.03,0.82
18I.12O,0.09,0.02,0.36
18I.77I,0.15,0.04,0.47
18I.81O,0.09,0.02,0.36
18I.33T,0.09,0.02,0.36
18I.25R,0.09,0.02,0.36
18I.3J7,0.09,0.02,0.36
18I.32Z,0.09,0.02,0.36
18I.4E2,0.09,0.02,0.36
18I.0G1,0.09,0.02,0.36
18I.5E6,0.1,0.02,0.37
18I.1B1,0.09,0.02,0.36
18I.0I9,0.09,0.02,0.36
18I.06O,0.11,0.02,0.42
18I.5I3,0.11,0.02,0.42
18I.2F8,0.09,0.02,0.35
18I.3B9,0.09,0.02,0.35
18I.19T,0.09,0.02,0.36
18I.4G8,0.09,0.02,0.35
18I.3I6,0.09,0.02,0.36
18I.0J4,0.09,0.02,0.36
18I.3I9,0.09,0.02,0.36
18I.0E3,0.09,0.02,0.35
18I.7A2,0.09,0.02,0.35
18I.73S,0.1,0.02,0.41
18I.7F5,0.09,0.02,0.36
18I.04T,0.09,0.02,0.36
18I.1F2,0.1,0.02,0.38
18I.5J1,0.1,0.02,0.41
18I.9E3,0.11,0.02,0.44
18I.36V,0.1,0.02,0.41
18I.3I5,0.11,0.02,0.44
18I.9I9,0.09,0.02,0.36
18I.8D8,0.09,0.02,0.36
18I.5B0,0.09,0.02,0.36
18I.4D3,0.09,0.02,0.35
18I.28B,0.11,0.02,0.44
18I.5I5,0.09,0.02,0.35
18I.7G1,0.1,0.02,0.38
18I.8A9,0.1,0.02,0.38
18I.30Z,0.12,0.02,0.5
18I.9D7,0.13,0.02,0.52
18I.2H6,0.14,0.02,0.6
18I.17K,0.13,0.02,0.55
18I.60E,0.14,0.02,0.6
18I.2C9,0.12,0.02,0.51
12O.77I,0.1,0.02,0.37
12O.81O,0.1,0.02,0.37
12O.33T,0.1,0.02,0.37
12O.25R,0.1,0.02,0.37
12O.3J7,0.1,0.02,0.37
12O.32Z,0.1,0.02,0.37
12O.4E2,0.1,0.02,0.37
12O.0G1,0.1,0.02,0.37
12O.5E6,0.1,0.02,0.37
12O.1B1,0.1,0.02,0.37
12O.0I9,0.1,0.02,0.37
12O.06O,0.11,0.02,0.43
12O.5I3,0.11,0.02,0.43
12O.2F8,0.09,0.02,0.36
12O.3B9,0.09,0.02,0.36
12O.19T,0.1,0.02,0.37
12O.4G8,0.09,0.02,0.36
12O.3I6,0.1,0.02,0.37
12O.0J4,0.1,0.02,0.37
12O.3I9,0.1,0.02,0.37
12O.0E3,0.09,0.02,0.36
12O.7A2,0.09,0.02,0.36
12O.73S,0.11,0.02,0.42
12O.7F5,0.1,0.02,0.37
12O.04T,0.1,0.02,0.37
12O.1F2,0.1,0.02,0.39
12O.5J1,0.11,0.02,0.42
12O.9E3,0.11,0.02,0.46
12O.36V,0.11,0.02,0.42
12O.3I5,0.11,0.02,0.46
12O.9I9,0.1,0.02,0.37
12O.8D8,0.1,0.02,0.37
12O.5B0,0.1,0.02,0.37
12O.4D3,0.09,0.02,0.36
12O.28B,0.11,0.02,0.45
12O.5I5,0.09,0.02,0.36
12O.7G1,0.1,0.02,0.39
12O.8A9,0.1,0.02,0.39
12O.30Z,0.13,0.02,0.52
12O.9D7,0.13,0.02,0.54
12O.2H6,0.15,0.02,0.62
12O.17K,0.14,0.02,0.58
12O.60E,0.15,0.02,0.62
12O.2C9,0.13,0.02,0.53
77I.81O,0.44,0.18,0.92
77I.33T,0.1,0.02,0.37
77I.25R,0.1,0.02,0.37
77I.3J7,0.1,0.02,0.37
77I.32Z,0.1,0.02,0.37
77I.4E2,0.1,0.02,0.37
77I.0G1,0.1,0.02,0.37
77I.5E6,0.1,0.02,0.37
77I.1B1,0.1,0.02,0.37
77I.0I9,0.1,0.02,0.37
77I.06O,0.11,0.02,0.43
77I.5I3,0.11,0.02,0.43
77I.2F8,0.09,0.02,0.36
77I.3B9,0.09,0.02,0.36
77I.19T,0.1,0.02,0.37
77I.4G8,0.09,0.02,0.36
77I.3I6,0.1,0.02,0.37
77I.0J4,0.1,0.02,0.37
77I.3I9,0.1,0.02,0.37
77I.0E3,0.09,0.02,0.36
77I.7A2,0.09,0.02,0.36
77I.73S,0.11,0.02,0.42
77I.7F5,0.1,0.02,0.37
77I.04T,0.1,0.02,0.37
77I.1F2,0.1,0.02,0.39
77I.5J1,0.11,0.02,0.42
77I.9E3,0.11,0.02,0.46
77I.36V,0.11,0.02,0.42
77I.3I5,0.11,0.02,0.46
77I.9I9,0.1,0.02,0.37
77I.8D8,0.1,0.02,0.37
77I.5B0,0.1,0.02,0.37
77I.4D3,0.09,0.02,0.36
77I.28B,0.11,0.02,0.45
77I.5I5,0.09,0.02,0.36
77I.7G1,0.1,0.02,0.39
77I.8A9,0.1,0.02,0.39
77I.30Z,0.13,0.02,0.52
77I.9D7,0.13,0.02,0.54
77I.2H6,0.15,0.02,0.62
77I.17K,0.14,0.02,0.58
77I.60E,0.15,0.02,0.62
77I.2C9,0.13,0.02,0.53
81O.33T,0.1,0.02,0.37
81O.25R,0.1,0.02,0.37
81O.3J7,0.1,0.02,0.37
81O.32Z,0.1,0.02,0.37
81O.4E2,0.1,0.02,0.37
81O.0G1,0.1,0.02,0.37
81O.5E6,0.1,0.02,0.37
81O.1B1,0.1,0.02,0.37
81O.0I9,0.1,0.02,0.37
81O.06O,0.11,0.02,0.43
81O.5I3,0.11,0.02,0.43
81O.2F8,0.09,0.02,0.36
81O.3B9,0.09,0.02,0.36
81O.19T,0.1,0.02,0.37
81O.4G8,0.09,0.02,0.36
81O.3I6,0.16,0.04,0.48
81O.0J4,0.1,0.02,0.37
81O.3I9,0.1,0.02,0.37
81O.0E3,0.09,0.02,0.36
81O.7A2,0.09,0.02,0.36
81O.73S,0.11,0.02,0.42
81O.7F5,0.1,0.02,0.37
81O.04T,0.1,0.02,0.37
81O.1F2,0.1,0.02,0.39
81O.5J1,0.11,0.02,0.42
81O.9E3,0.11,0.02,0.46
81O.36V,0.11,0.02,0.42
81O.3I5,0.11,0.02,0.46
81O.9I9,0.1,0.02,0.37
81O.8D8,0.1,0.02,0.37
81O.5B0,0.1,0.02,0.37
81O.4D3,0.09,0.02,0.36
81O.28B,0.11,0.02,0.45
81O.5I5,0.09,0.02,0.36
81O.7G1,0.1,0.02,0.39
81O.8A9,0.1,0.02,0.39
81O.30Z,0.13,0.02,0.52
81O.9D7,0.13,0.02,0.54
81O.2H6,0.15,0.02,0.62
81O.17K,0.14,0.02,0.58
81O.60E,0.15,0.02,0.62
81O.2C9,0.13,0.02,0.53
33T.25R,0.16,0.04,0.49
33T.3J7,0.1,0.02,0.37
33T.32Z,0.1,0.02,0.37
33T.4E2,0.1,0.02,0.37
33T.0G1,0.1,0.02,0.37
33T.5E6,0.1,0.02,0.38
33T.1B1,0.1,0.02,0.37
33T.0I9,0.1,0.02,0.37
33T.06O,0.11,0.02,0.44
33T.5I3,0.11,0.02,0.44
33T.2F8,0.1,0.02,0.37
33T.3B9,0.1,0.02,0.37
33T.19T,0.1,0.02,0.37
33T.4G8,0.1,0.02,0.37
33T.3I6,0.1,0.02,0.37
33T.0J4,0.1,0.02,0.37
33T.3I9,0.1,0.02,0.37
33T.0E3,0.1,0.02,0.37
33T.7A2,0.1,0.02,0.37
33T.73S,0.11,0.02,0.42
33T.7F5,0.1,0.02,0.37
33T.04T,0.1,0.02,0.37
33T.1F2,0.1,0.02,0.39
33T.5J1,0.11,0.02,0.42
33T.9E3,0.12,0.02,0.46
33T.36V,0.11,0.02,0.42
33T.3I5,0.12,0.02,0.46
33T.9I9,0.1,0.02,0.37
33T.8D8,0.1,0.02,0.37
33T.5B0,0.1,0.02,0.37
33T.4D3,0.1,0.02,0.37
33T.28B,0.11,0.02,0.46
33T.5I5,0.09,0.02,0.36
33T.7G1,0.1,0.02,0.39
33T.8A9,0.1,0.02,0.39
33T.30Z,0.13,0.02,0.53
33T.9D7,0.13,0.02,0.54
33T.2H6,0.15,0.02,0.64
33T.17K,0.14,0.02,0.59
33T.60E,0.15,0.02,0.64
33T.2C9,0.13,0.02,0.54
25R.3J7,0.1,0.02,0.37
25R.32Z,0.1,0.02,0.37
25R.4E2,0.1,0.02,0.37
25R.0G1,0.1,0.02,0.37
25R.5E6,0.1,0.02,0.37
25R.1B1,0.1,0.02,0.37
25R.0I9,0.1,0.02,0.37
25R.06O,0.11,0.02,0.43
25R.5I3,0.11,0.02,0.43
25R.2F8,0.09,0.02,0.36
25R.3B9,0.09,0.02,0.36
25R.19T,0.1,0.02,0.37
25R.4G8,0.09,0.02,0.36
25R.3I6,0.1,0.02,0.37
25R.0J4,0.1,0.02,0.37
25R.3I9,0.1,0.02,0.37
25R.0E3,0.09,0.02,0.36
25R.7A2,0.09,0.02,0.36
25R.73S,0.11,0.02,0.42
25R.7F5,0.1,0.02,0.37
25R.04T,0.1,0.02,0.37
25R.1F2,0.1,0.02,0.39
25R.5J1,0.11,0.02,0.42
25R.9E3,0.11,0.02,0.46
25R.36V,0.11,0.02,0.42
25R.3I5,0.11,0.02,0.46
25R.9I9,0.1,0.02,0.37
25R.8D8,0.1,0.02,0.37
25R.5B0,0.1,0.02,0.37
25R.4D3,0.09,0.02,0.36
25R.28B,0.11,0.02,0.45
25R.5I5,0.09,0.02,0.36
25R.7G1,0.1,0.02,0.39
25R.8A9,0.1,0.02,0.39
25R.30Z,0.13,0.02,0.52
25R.9D7,0.13,0.02,0.54
25R.2H6,0.15,0.02,0.62
25R.17K,0.14,0.02,0.58
25R.60E,0.15,0.02,0.62
25R.2C9,0.13,0.02,0.53
3J7.32Z,0.1,0.02,0.37
3J7.4E2,0.1,0.02,0.37
3J7.0G1,0.1,0.02,0.37
3J7.5E6,0.1,0.02,0.38
3J7.1B1,0.1,0.02,0.37
3J7.0I9,0.1,0.02,0.37
3J7.06O,0.11,0.02,0.44
3J7.5I3,0.11,0.02,0.44
3J7.2F8,0.1,0.02,0.37
3J7.3B9,0.1,0.02,0.37
3J7.19T,0.1,0.02,0.37
3J7.4G8,0.1,0.02,0.37
3J7.3I6,0.1,0.02,0.37
3J7.0J4,0.1,0.02,0.37
3J7.3I9,0.1,0.02,0.37
3J7.0E3,0.1,0.02,0.37
3J7.7A2,0.1,0.02,0.37
3J7.73S,0.11,0.02,0.42
3J7.7F5,0.1,0.02,0.37
3J7.04T,0.1,0.02,0.37
3J7.1F2,0.1,0.02,0.39
3J7.5J1,0.11,0.02,0.42
3J7.9E3,0.12,0.02,0.46
3J7.36V,0.11,0.02,0.42
3J7.3I5,0.12,0.02,0.46
3J7.9I9,0.1,0.02,0.37
3J7.8D8,0.1,0.02,0.37
3J7.5B0,0.1,0.02,0.37
3J7.4D3,0.1,0.02,0.37
3J7.28B,0.11,0.02,0.46
3J7.5I5,0.09,0.02,0.36
3J7.7G1,0.1,0.02,0.39
3J7.8A9,0.1,0.02,0.39
3J7.30Z,0.13,0.02,0.53
3J7.9D7,0.13,0.02,0.54
3J7.2H6,0.15,0.02,0.64
3J7.17K,0.14,0.02,0.59
3J7.60E,0.15,0.02,0.64
3J7.2C9,0.13,0.02,0.54
32Z.4E2,0.1,0.02,0.37
32Z.0G1,0.1,0.02,0.37
32Z.5E6,0.1,0.02,0.38
32Z.1B1,0.1,0.02,0.37
32Z.0I9,0.1,0.02,0.37
32Z.06O,0.11,0.02,0.44
32Z.5I3,0.11,0.02,0.44
32Z.2F8,0.1,0.02,0.37
32Z.3B9,0.1,0.02,0.37
32Z.19T,0.1,0.02,0.37
32Z.4G8,0.1,0.02,0.37
32Z.3I6,0.1,0.02,0.37
32Z.0J4,0.1,0.02,0.37
32Z.3I9,0.1,0.02,0.37
32Z.0E3,0.1,0.02,0.37
32Z.7A2,0.1,0.02,0.37
32Z.73S,0.11,0.02,0.42
32Z.7F5,0.1,0.02,0.37
32Z.04T,0.1,0.02,0.37
32Z.1F2,0.1,0.02,0.39
32Z.5J1,0.11,0.02,0.42
32Z.9E3,0.12,0.02,0.46
32Z.36V,0.11,0.02,0.42
32Z.3I5,0.12,0.02,0.46
32Z.9I9,0.1,0.02,0.37
32Z.8D8,0.1,0.02,0.37
32Z.5B0,0.1,0.02,0.37
32Z.4D3,0.1,0.02,0.37
32Z.28B,0.11,0.02,0.46
32Z.5I5,0.09,0.02,0.36
32Z.7G1,0.1,0.02,0.39
32Z.8A9,0.1,0.02,0.39
32Z.30Z,0.13,0.02,0.53
32Z.9D7,0.13,0.02,0.54
32Z.2H6,0.15,0.02,0.64
32Z.17K,0.14,0.02,0.59
32Z.60E,0.15,0.02,0.64
32Z.2C9,0.13,0.02,0.54
4E2.0G1,0.1,0.02,0.37
4E2.5E6,0.1,0.02,0.37
4E2.1B1,0.1,0.02,0.37
4E2.0I9,0.1,0.02,0.37
4E2.06O,0.11,0.02,0.43
4E2.5I3,0.11,0.02,0.43
4E2.2F8,0.09,0.02,0.36
4E2.3B9,0.09,0.02,0.36
4E2.19T,0.1,0.02,0.37
4E2.4G8,0.09,0.02,0.36
4E2.3I6,0.1,0.02,0.37
4E2.0J4,0.1,0.02,0.37
4E2.3I9,0.1,0.02,0.37
4E2.0E3,0.09,0.02,0.36
4E2.7A2,0.09,0.02,0.36
4E2.73S,0.11,0.02,0.42
4E2.7F5,0.1,0.02,0.37
4E2.04T,0.1,0.02,0.37
4E2.1F2,0.1,0.02,0.39
4E2.5J1,0.11,0.02,0.42
4E2.9E3,0.11,0.02,0.46
4E2.36V,0.11,0.02,0.42
4E2.3I5,0.11,0.02,0.46
4E2.9I9,0.1,0.02,0.37
4E2.8D8,0.1,0.02,0.37
4E2.5B0,0.1,0.02,0.37
4E2.4D3,0.09,0.02,0.36
4E2.28B,0.11,0.02,0.45
4E2.5I5,0.09,0.02,0.36
4E2.7G1,0.1,0.02,0.39
4E2.8A9,0.1,0.02,0.39
4E2.30Z,0.13,0.02,0.52
4E2.9D7,0.13,0.02,0.54
4E2.2H6,0.15,0.02,0.62
4E2.17K,0.14,0.02,0.58
4E2.60E,0.15,0.02,0.62
4E2.2C9,0.13,0.02,0.53
0G1.5E6,0.1,0.02,0.37
0G1.1B1,0.1,0.02,0.37
0G1.0I9,0.1,0.02,0.37
0G1.06O,0.11,0.02,0.43
0G1.5I3,0.11,0.02,0.43
0G1.2F8,0.09,0.02,0.36
0G1.3B9,0.09,0.02,0.36
0G1.19T,0.1,0.02,0.37
0G1.4G8,0.15,0.04,0.48
0G1.3I6,0.1,0.02,0.37
0G1.0J4,0.1,0.02,0.37
0G1.3I9,0.1,0.02,0.37
0G1.0E3,0.09,0.02,0.36
0G1.7A2,0.09,0.02,0.36
0G1.73S,0.11,0.02,0.42
0G1.7F5,0.1,0.02,0.37
0G1.04T,0.1,0.02,0.37
0G1.1F2,0.1,0.02,0.39
0G1.5J1,0.11,0.02,0.42
0G1.9E3,0.11,0.02,0.46
0G1.36V,0.11,0.02,0.42
0G1.3I5,0.11,0.02,0.46
0G1.9I9,0.1,0.02,0.37
0G1.8D8,0.1,0.02,0.37
0G1.5B0,0.1,0.02,0.37
0G1.4D3,0.09,0.02,0.36
0G1.28B,0.11,0.02,0.45
0G1.5I5,0.09,0.02,0.36
0G1.7G1,0.1,0.02,0.39
0G1.8A9,0.1,0.02,0.39
0G1.30Z,0.13,0.02,0.52
0G1.9D7,0.13,0.02,0.54
0G1.2H6,0.15,0.02,0.62
0G1.17K,0.14,0.02,0.58
0G1.60E,0.15,0.02,0.62
0G1.2C9,0.13,0.02,0.53
5E6.1B1,0.1,0.02,0.38
5E6.0I9,0.1,0.02,0.37
5E6.06O,0.11,0.02,0.44
5E6.5I3,0.11,0.02,0.44
5E6.2F8,0.1,0.02,0.37
5E6.3B9,0.1,0.02,0.37
5E6.19T,0.1,0.02,0.37
5E6.4G8,0.1,0.02,0.37
5E6.3I6,0.1,0.02,0.37
5E6.0J4,0.1,0.02,0.37
5E6.3I9,0.1,0.02,0.38
5E6.0E3,0.1,0.02,0.37
5E6.7A2,0.1,0.02,0.37
5E6.73S,0.11,0.02,0.43
5E6.7F5,0.1,0.02,0.37
5E6.04T,0.1,0.02,0.38
5E6.1F2,0.1,0.02,0.4
5E6.5J1,0.11,0.02,0.43
5E6.9E3,0.12,0.02,0.47
5E6.36V,0.11,0.02,0.43
5E6.3I5,0.12,0.02,0.47
5E6.9I9,0.1,0.02,0.37
5E6.8D8,0.1,0.02,0.38
5E6.5B0,0.1,0.02,0.38
5E6.4D3,0.1,0.02,0.37
5E6.28B,0.12,0.02,0.46
5E6.5I5,0.1,0.02,0.37
5E6.7G1,0.1,0.02,0.4
5E6.8A9,0.1,0.02,0.4
5E6.30Z,0.13,0.02,0.54
5E6.9D7,0.13,0.02,0.55
5E6.2H6,0.15,0.02,0.65
5E6.17K,0.14,0.02,0.6
5E6.60E,0.15,0.02,0.65
5E6.2C9,0.13,0.02,0.54
1B1.0I9,0.1,0.02,0.37
1B1.06O,0.11,0.02,0.44
1B1.5I3,0.11,0.02,0.44
1B1.2F8,0.1,0.02,0.37
1B1.3B9,0.1,0.02,0.37
1B1.19T,0.1,0.02,0.37
1B1.4G8,0.1,0.02,0.37
1B1.3I6,0.1,0.02,0.37
1B1.0J4,0.1,0.02,0.37
1B1.3I9,0.1,0.02,0.37
1B1.0E3,0.1,0.02,0.37
1B1.7A2,0.1,0.02,0.37
1B1.73S,0.11,0.02,0.42
1B1.7F5,0.1,0.02,0.37
1B1.04T,0.1,0.02,0.37
1B1.1F2,0.1,0.02,0.39
1B1.5J1,0.11,0.02,0.42
1B1.9E3,0.12,0.02,0.46
1B1.36V,0.11,0.02,0.42
1B1.3I5,0.12,0.02,0.46
1B1.9I9,0.1,0.02,0.37
1B1.8D8,0.1,0.02,0.37
1B1.5B0,0.1,0.02,0.37
1B1.4D3,0.1,0.02,0.37
1B1.28B,0.11,0.02,0.46
1B1.5I5,0.09,0.02,0.36
1B1.7G1,0.1,0.02,0.39
1B1.8A9,0.1,0.02,0.39
1B1.30Z,0.13,0.02,0.53
1B1.9D7,0.13,0.02,0.54
1B1.2H6,0.15,0.02,0.64
1B1.17K,0.14,0.02,0.59
1B1.60E,0.15,0.02,0.64
1B1.2C9,0.13,0.02,0.54
0I9.06O,0.11,0.02,0.43
0I9.5I3,0.11,0.02,0.43
0I9.2F8,0.09,0.02,0.36
0I9.3B9,0.09,0.02,0.36
0I9.19T,0.1,0.02,0.37
0I9.4G8,0.09,0.02,0.36
0I9.3I6,0.1,0.02,0.37
0I9.0J4,0.1,0.02,0.37
0I9.3I9,0.1,0.02,0.37
0I9.0E3,0.09,0.02,0.36
0I9.7A2,0.09,0.02,0.36
0I9.73S,0.11,0.02,0.42
0I9.7F5,0.1,0.02,0.37
0I9.04T,0.1,0.02,0.37
0I9.1F2,0.1,0.02,0.39
0I9.5J1,0.11,0.02,0.42
0I9.9E3,0.11,0.02,0.46
0I9.36V,0.11,0.02,0.42
0I9.3I5,0.11,0.02,0.46
0I9.9I9,0.1,0.02,0.37
0I9.8D8,0.1,0.02,0.37
0I9.5B0,0.1,0.02,0.37
0I9.4D3,0.09,0.02,0.36
0I9.28B,0.11,0.02,0.45
0I9.5I5,0.09,0.02,0.36
0I9.7G1,0.1,0.02,0.39
0I9.8A9,0.1,0.02,0.39
0I9.30Z,0.13,0.02,0.52
0I9.9D7,0.13,0.02,0.54
0I9.2H6,0.15,0.02,0.62
0I9.17K,0.14,0.02,0.58
0I9.60E,0.15,0.02,0.62
0I9.2C9,0.13,0.02,0.53
06O.5I3,0.54,0.2,1.21
06O.2F8,0.11,0.02,0.42
06O.3B9,0.11,0.02,0.42
06O.19T,0.11,0.02,0.43
06O.4G8,0.11,0.02,0.42
06O.3I6,0.11,0.02,0.43
06O.0J4,0.11,0.02,0.43
06O.3I9,0.11,0.02,0.44
06O.0E3,0.11,0.02,0.42
06O.7A2,0.11,0.02,0.42
06O.73S,0.12,0.02,0.51
06O.7F5,0.11,0.02,0.43
06O.04T,0.11,0.02,0.44
06O.1F2,0.12,0.02,0.46
06O.5J1,0.12,0.02,0.51
06O.9E3,0.14,0.02,0.56
06O.36V,0.12,0.02,0.51
06O.3I5,0.14,0.02,0.56
06O.9I9,0.11,0.02,0.43
06O.8D8,0.11,0.02,0.44
06O.5B0,0.11,0.02,0.44
06O.4D3,0.11,0.02,0.42
06O.28B,0.13,0.02,0.55
06O.5I5,0.11,0.02,0.42
06O.7G1,0.12,0.02,0.46
06O.8A9,0.12,0.02,0.46
06O.30Z,0.16,0.03,0.67
06O.9D7,0.16,0.03,0.7
06O.2H6,0.19,0.03,0.87
06O.17K,0.17,0.03,0.77
06O.60E,0.19,0.03,0.87
06O.2C9,0.16,0.03,0.68
5I3.2F8,0.11,0.02,0.42
5I3.3B9,0.11,0.02,0.42
5I3.19T,0.11,0.02,0.43
5I3.4G8,0.11,0.02,0.42
5I3.3I6,0.11,0.02,0.43
5I3.0J4,0.11,0.02,0.43
5I3.3I9,0.11,0.02,0.44
5I3.0E3,0.11,0.02,0.42
5I3.7A2,0.11,0.02,0.42
5I3.73S,0.12,0.02,0.51
5I3.7F5,0.11,0.02,0.43
5I3.04T,0.11,0.02,0.44
5I3.1F2,0.12,0.02,0.46
5I3.5J1,0.12,0.02,0.51
5I3.9E3,0.14,0.02,0.56
5I3.36V,0.12,0.02,0.51
5I3.3I5,0.14,0.02,0.56
5I3.9I9,0.11,0.02,0.43
5I3.8D8,0.11,0.02,0.44
5I3.5B0,0.11,0.02,0.44
5I3.4D3,0.11,0.02,0.42
5I3.28B,0.13,0.02,0.55
5I3.5I5,0.11,0.02,0.42
5I3.7G1,0.12,0.02,0.46
5I3.8A9,0.12,0.02,0.46
5I3.30Z,0.16,0.03,0.67
5I3.9D7,0.16,0.03,0.7
5I3.2H6,0.19,0.03,0.87
5I3.17K,0.17,0.03,0.77
5I3.60E,0.19,0.03,0.87
5I3.2C9,0.16,0.03,0.68
2F8.3B9,0.09,0.02,0.36
2F8.19T,0.09,0.02,0.36
2F8.4G8,0.09,0.02,0.36
2F8.3I6,0.09,0.02,0.36
2F8.0J4,0.09,0.02,0.36
2F8.3I9,0.1,0.02,0.37
2F8.0E3,0.09,0.02,0.36
2F8.7A2,0.09,0.02,0.36
2F8.73S,0.11,0.02,0.41
2F8.7F5,0.09,0.02,0.36
2F8.04T,0.1,0.02,0.37
2F8.1F2,0.1,0.02,0.38
2F8.5J1,0.11,0.02,0.41
2F8.9E3,0.11,0.02,0.45
2F8.36V,0.11,0.02,0.41
2F8.3I5,0.11,0.02,0.45
2F8.9I9,0.09,0.02,0.36
2F8.8D8,0.1,0.02,0.37
2F8.5B0,0.1,0.02,0.37
2F8.4D3,0.09,0.02,0.36
2F8.28B,0.11,0.02,0.44
2F8.5I5,0.09,0.02,0.35
2F8.7G1,0.1,0.02,0.38
2F8.8A9,0.1,0.02,0.38
2F8.30Z,0.12,0.02,0.51
2F8.9D7,0.13,0.02,0.53
2F8.2H6,0.14,0.02,0.61
2F8.17K,0.14,0.02,0.56
2F8.60E,0.14,0.02,0.61
2F8.2C9,0.13,0.02,0.52
3B9.19T,0.09,0.02,0.36
3B9.4G8,0.09,0.02,0.36
3B9.3I6,0.09,0.02,0.36
3B9.0J4,0.09,0.02,0.36
3B9.3I9,0.1,0.02,0.37
3B9.0E3,0.09,0.02,0.36
3B9.7A2,0.09,0.02,0.36
3B9.73S,0.11,0.02,0.41
3B9.7F5,0.09,0.02,0.36
3B9.04T,0.1,0.02,0.37
3B9.1F2,0.1,0.02,0.38
3B9.5J1,0.11,0.02,0.41
3B9.9E3,0.11,0.02,0.45
3B9.36V,0.11,0.02,0.41
3B9.3I5,0.11,0.02,0.45
3B9.9I9,0.09,0.02,0.36
3B9.8D8,0.1,0.02,0.37
3B9.5B0,0.1,0.02,0.37
3B9.4D3,0.09,0.02,0.36
3B9.28B,0.11,0.02,0.44
3B9.5I5,0.09,0.02,0.35
3B9.7G1,0.1,0.02,0.38
3B9.8A9,0.1,0.02,0.38
3B9.30Z,0.12,0.02,0.51
3B9.9D7,0.13,0.02,0.53
3B9.2H6,0.14,0.02,0.61
3B9.17K,0.14,0.02,0.56
3B9.60E,0.14,0.02,0.61
3B9.2C9,0.13,0.02,0.52
19T.4G8,0.09,0.02,0.36
19T.3I6,0.1,0.02,0.37
19T.0J4,0.1,0.02,0.37
19T.3I9,0.1,0.02,0.37
19T.0E3,0.09,0.02,0.36
19T.7A2,0.09,0.02,0.36
19T.73S,0.11,0.02,0.42
19T.7F5,0.1,0.02,0.37
19T.04T,0.1,0.02,0.37
19T.1F2,0.1,0.02,0.39
19T.5J1,0.11,0.02,0.42
19T.9E3,0.11,0.02,0.46
19T.36V,0.11,0.02,0.42
19T.3I5,0.11,0.02,0.46
19T.9I9,0.1,0.02,0.37
19T.8D8,0.1,0.02,0.37
19T.5B0,0.1,0.02,0.37
19T.4D3,0.09,0.02,0.36
19T.28B,0.11,0.02,0.45
19T.5I5,0.09,0.02,0.36
19T.7G1,0.1,0.02,0.39
19T.8A9,0.1,0.02,0.39
19T.30Z,0.13,0.02,0.52
19T.9D7,0.13,0.02,0.54
19T.2H6,0.15,0.02,0.62
19T.17K,0.14,0.02,0.58
19T.60E,0.15,0.02,0.62
19T.2C9,0.13,0.02,0.53
4G8.3I6,0.09,0.02,0.36
4G8.0J4,0.09,0.02,0.36
4G8.3I9,0.1,0.02,0.37
4G8.0E3,0.09,0.02,0.36
4G8.7A2,0.09,0.02,0.36
4G8.73S,0.11,0.02,0.41
4G8.7F5,0.09,0.02,0.36
4G8.04T,0.1,0.02,0.37
4G8.1F2,0.1,0.02,0.38
4G8.5J1,0.11,0.02,0.41
4G8.9E3,0.11,0.02,0.45
4G8.36V,0.11,0.02,0.41
4G8.3I5,0.11,0.02,0.45
4G8.9I9,0.09,0.02,0.36
4G8.8D8,0.1,0.02,0.37
4G8.5B0,0.1,0.02,0.37
4G8.4D3,0.09,0.02,0.36
4G8.28B,0.11,0.02,0.44
4G8.5I5,0.09,0.02,0.35
4G8.7G1,0.1,0.02,0.38
4G8.8A9,0.1,0.02,0.38
4G8.30Z,0.12,0.02,0.51
4G8.9D7,0.13,0.02,0.53
4G8.2H6,0.14,0.02,0.61
4G8.17K,0.14,0.02,0.56
4G8.60E,0.14,0.02,0.61
4G8.2C9,0.13,0.02,0.52
3I6.0J4,0.1,0.02,0.37
3I6.3I9,0.1,0.02,0.37
3I6.0E3,0.09,0.02,0.36
3I6.7A2,0.09,0.02,0.36
3I6.73S,0.11,0.02,0.42
3I6.7F5,0.1,0.02,0.37
3I6.04T,0.1,0.02,0.37
3I6.1F2,0.1,0.02,0.39
3I6.5J1,0.11,0.02,0.42
3I6.9E3,0.11,0.02,0.46
3I6.36V,0.11,0.02,0.42
3I6.3I5,0.11,0.02,0.46
3I6.9I9,0.1,0.02,0.37
3I6.8D8,0.1,0.02,0.37
3I6.5B0,0.1,0.02,0.37
3I6.4D3,0.09,0.02,0.36
3I6.28B,0.11,0.02,0.45
3I6.5I5,0.09,0.02,0.36
3I6.7G1,0.1,0.02,0.39
3I6.8A9,0.1,0.02,0.39
3I6.30Z,0.13,0.02,0.52
3I6.9D7,0.13,0.02,0.54
3I6.2H6,0.15,0.02,0.62
3I6.17K,0.14,0.02,0.58
3I6.60E,0.15,0.02,0.62
3I6.2C9,0.13,0.02,0.53
0J4.3I9,0.1,0.02,0.37
0J4.0E3,0.09,0.02,0.36
0J4.7A2,0.09,0.02,0.36
0J4.73S,0.11,0.02,0.42
0J4.7F5,0.1,0.02,0.37
0J4.04T,0.1,0.02,0.37
0J4.1F2,0.1,0.02,0.39
0J4.5J1,0.11,0.02,0.42
0J4.9E3,0.11,0.02,0.46
0J4.36V,0.11,0.02,0.42
0J4.3I5,0.11,0.02,0.46
0J4.9I9,0.1,0.02,0.37
0J4.8D8,0.1,0.02,0.37
0J4.5B0,0.1,0.02,0.37
0J4.4D3,0.09,0.02,0.36
0J4.28B,0.11,0.02,0.45
0J4.5I5,0.09,0.02,0.36
0J4.7G1,0.1,0.02,0.39
0J4.8A9,0.1,0.02,0.39
0J4.30Z,0.13,0.02,0.52
0J4.9D7,0.13,0.02,0.54
0J4.2H6,0.15,0.02,0.62
0J4.17K,0.14,0.02,0.58
0J4.60E,0.15,0.02,0.62
0J4.2C9,0.13,0.02,0.53
3I9.0E3,0.1,0.02,0.37
3I9.7A2,0.1,0.02,0.37
3I9.73S,0.11,0.02,0.42
3I9.7F5,0.1,0.02,0.37
3I9.04T,0.1,0.02,0.37
3I9.1F2,0.1,0.02,0.39
3I9.5J1,0.11,0.02,0.42
3I9.9E3,0.12,0.02,0.46
3I9.36V,0.11,0.02,0.42
3I9.3I5,0.12,0.02,0.46
3I9.9I9,0.1,0.02,0.37
3I9.8D8,0.1,0.02,0.37
3I9.5B0,0.1,0.02,0.37
3I9.4D3,0.1,0.02,0.37
3I9.28B,0.11,0.02,0.46
3I9.5I5,0.09,0.02,0.36
3I9.7G1,0.1,0.02,0.39
3I9.8A9,0.1,0.02,0.39
3I9.30Z,0.13,0.02,0.53
3I9.9D7,0.13,0.02,0.54
3I9.2H6,0.15,0.02,0.64
3I9.17K,0.14,0.02,0.59
3I9.60E,0.15,0.02,0.64
3I9.2C9,0.13,0.02,0.54
0E3.7A2,0.09,0.02,0.36
0E3.73S,0.11,0.02,0.41
0E3.7F5,0.09,0.02,0.36
0E3.04T,0.1,0.02,0.37
0E3.1F2,0.1,0.02,0.38
0E3.5J1,0.11,0.02,0.41
0E3.9E3,0.11,0.02,0.45
0E3.36V,0.11,0.02,0.41
0E3.3I5,0.11,0.02,0.45
0E3.9I9,0.09,0.02,0.36
0E3.8D8,0.1,0.02,0.37
0E3.5B0,0.1,0.02,0.37
0E3.4D3,0.09,0.02,0.36
0E3.28B,0.11,0.02,0.44
0E3.5I5,0.09,0.02,0.35
0E3.7G1,0.1,0.02,0.38
0E3.8A9,0.1,0.02,0.38
0E3.30Z,0.12,0.02,0.51
0E3.9D7,0.13,0.02,0.53
0E3.2H6,0.14,0.02,0.61
0E3.17K,0.14,0.02,0.56
0E3.60E,0.14,0.02,0.61
0E3.2C9,0.13,0.02,0.52
7A2.73S,0.11,0.02,0.41
7A2.7F5,0.09,0.02,0.36
7A2.04T,0.1,0.02,0.37
7A2.1F2,0.1,0.02,0.38
7A2.5J1,0.11,0.02,0.41
7A2.9E3,0.11,0.02,0.45
7A2.36V,0.11,0.02,0.41
7A2.3I5,0.11,0.02,0.45
7A2.9I9,0.09,0.02,0.36
7A2.8D8,0.1,0.02,0.37
7A2.5B0,0.1,0.02,0.37
7A2.4D3,0.09,0.02,0.36
7A2.28B,0.11,0.02,0.44
7A2.5I5,0.09,0.02,0.35
7A2.7G1,0.1,0.02,0.38
7A2.8A9,0.1,0.02,0.38
7A2.30Z,0.12,0.02,0.51
7A2.9D7,0.13,0.02,0.53
7A2.2H6,0.14,0.02,0.61
7A2.17K,0.14,0.02,0.56
7A2.60E,0.14,0.02,0.61
7A2.2C9,0.13,0.02,0.52
73S.7F5,0.11,0.02,0.42
73S.04T,0.11,0.02,0.42
73S.1F2,0.11,0.02,0.45
73S.5J1,0.12,0.02,0.49
73S.9E3,0.13,0.02,0.54
73S.36V,0.12,0.02,0.49
73S.3I5,0.13,0.02,0.54
73S.9I9,0.11,0.02,0.42
73S.8D8,0.11,0.02,0.42
73S.5B0,0.11,0.02,0.42
73S.4D3,0.11,0.02,0.41
73S.28B,0.13,0.02,0.54
73S.5I5,0.1,0.02,0.41
73S.7G1,0.11,0.02,0.45
73S.8A9,0.11,0.02,0.45
73S.30Z,0.15,0.02,0.64
73S.9D7,0.16,0.03,0.67
73S.2H6,0.18,0.03,0.82
73S.17K,0.17,0.03,0.73
73S.60E,0.18,0.03,0.82
73S.2C9,0.15,0.02,0.65
7F5.04T,0.1,0.02,0.37
7F5.1F2,0.1,0.02,0.39
7F5.5J1,0.11,0.02,0.42
7F5.9E3,0.11,0.02,0.46
7F5.36V,0.11,0.02,0.42
7F5.3I5,0.11,0.02,0.46
7F5.9I9,0.1,0.02,0.37
7F5.8D8,0.1,0.02,0.37
7F5.5B0,0.1,0.02,0.37
7F5.4D3,0.09,0.02,0.36
7F5.28B,0.11,0.02,0.45
7F5.5I5,0.09,0.02,0.36
7F5.7G1,0.1,0.02,0.39
7F5.8A9,0.1,0.02,0.39
7F5.30Z,0.13,0.02,0.52
7F5.9D7,0.13,0.02,0.54
7F5.2H6,0.15,0.02,0.62
7F5.17K,0.14,0.02,0.58
7F5.60E,0.15,0.02,0.62
7F5.2C9,0.13,0.02,0.53
04T.1F2,0.1,0.02,0.39
04T.5J1,0.11,0.02,0.42
04T.9E3,0.12,0.02,0.46
04T.36V,0.11,0.02,0.42
04T.3I5,0.12,0.02,0.46
04T.9I9,0.1,0.02,0.37
04T.8D8,0.1,0.02,0.37
04T.5B0,0.1,0.02,0.37
04T.4D3,0.1,0.02,0.37
04T.28B,0.11,0.02,0.46
04T.5I5,0.09,0.02,0.36
04T.7G1,0.1,0.02,0.39
04T.8A9,0.1,0.02,0.39
04T.30Z,0.13,0.02,0.53
04T.9D7,0.13,0.02,0.54
04T.2H6,0.15,0.02,0.64
04T.17K,0.14,0.02,0.59
04T.60E,0.15,0.02,0.64
04T.2C9,0.13,0.02,0.54
1F2.5J1,0.11,0.02,0.45
1F2.9E3,0.12,0.02,0.49
1F2.36V,0.11,0.02,0.45
1F2.3I5,0.12,0.02,0.49
1F2.9I9,0.1,0.02,0.39
1F2.8D8,0.1,0.02,0.39
1F2.5B0,0.1,0.02,0.39
1F2.4D3,0.1,0.02,0.38
1F2.28B,0.12,0.02,0.48
1F2.5I5,0.1,0.02,0.38
1F2.7G1,0.11,0.02,0.41
1F2.8A9,0.11,0.02,0.41
1F2.30Z,0.14,0.02,0.56
1F2.9D7,0.14,0.02,0.59
1F2.2H6,0.16,0.03,0.7
1F2.17K,0.15,0.02,0.64
1F2.60E,0.16,0.03,0.7
1F2.2C9,0.14,0.02,0.58
5J1.9E3,0.13,0.02,0.54
5J1.36V,0.12,0.02,0.49
5J1.3I5,0.13,0.02,0.54
5J1.9I9,0.11,0.02,0.42
5J1.8D8,0.11,0.02,0.42
5J1.5B0,0.11,0.02,0.42
5J1.4D3,0.11,0.02,0.41
5J1.28B,0.13,0.02,0.54
5J1.5I5,0.1,0.02,0.41
5J1.7G1,0.11,0.02,0.45
5J1.8A9,0.11,0.02,0.45
5J1.30Z,0.15,0.02,0.64
5J1.9D7,0.16,0.03,0.67
5J1.2H6,0.18,0.03,0.82
5J1.17K,0.17,0.03,0.73
5J1.60E,0.18,0.03,0.82
5J1.2C9,0.15,0.02,0.65
9E3.36V,0.13,0.02,0.54
9E3.3I5,0.14,0.02,0.61
9E3.9I9,0.11,0.02,0.46
9E3.8D8,0.12,0.02,0.46
9E3.5B0,0.12,0.02,0.46
9E3.4D3,0.11,0.02,0.45
9E3.28B,0.14,0.02,0.6
9E3.5I5,0.11,0.02,0.44
9E3.7G1,0.12,0.02,0.49
9E3.8A9,0.12,0.02,0.49
9E3.30Z,0.17,0.03,0.73
9E3.9D7,0.17,0.03,0.77
9E3.2H6,0.21,0.03,0.99
9E3.17K,0.19,0.03,0.87
9E3.60E,0.21,0.03,0.99
9E3.2C9,0.17,0.03,0.75
36V.3I5,0.13,0.02,0.54
36V.9I9,0.11,0.02,0.42
36V.8D8,0.11,0.02,0.42
36V.5B0,0.11,0.02,0.42
36V.4D3,0.11,0.02,0.41
36V.28B,0.13,0.02,0.54
36V.5I5,0.1,0.02,0.41
36V.7G1,0.11,0.02,0.45
36V.8A9,0.11,0.02,0.45
36V.30Z,0.15,0.02,0.64
36V.9D7,0.16,0.03,0.67
36V.2H6,0.18,0.03,0.82
36V.17K,0.17,0.03,0.73
36V.60E,0.18,0.03,0.82
36V.2C9,0.15,0.02,0.65
3I5.9I9,0.11,0.02,0.46
3I5.8D8,0.12,0.02,0.46
3I5.5B0,0.12,0.02,0.46
3I5.4D3,0.11,0.02,0.45
3I5.28B,0.14,0.02,0.6
3I5.5I5,0.11,0.02,0.44
3I5.7G1,0.12,0.02,0.49
3I5.8A9,0.12,0.02,0.49
3I5.30Z,0.17,0.03,0.73
3I5.9D7,0.17,0.03,0.77
3I5.2H6,0.21,0.03,0.99
3I5.17K,0.19,0.03,0.87
3I5.60E,0.21,0.03,0.99
3I5.2C9,0.17,0.03,0.75
9I9.8D8,0.1,0.02,0.37
9I9.5B0,0.1,0.02,0.37
9I9.4D3,0.09,0.02,0.36
9I9.28B,0.11,0.02,0.45
9I9.5I5,0.09,0.02,0.36
9I9.7G1,0.1,0.02,0.39
9I9.8A9,0.1,0.02,0.39
9I9.30Z,0.13,0.02,0.52
9I9.9D7,0.13,0.02,0.54
9I9.2H6,0.15,0.02,0.62
9I9.17K,0.14,0.02,0.58
9I9.60E,0.15,0.02,0.62
9I9.2C9,0.43,0.14,1.05
8D8.5B0,0.1,0.02,0.37
8D8.4D3,0.1,0.02,0.37
8D8.28B,0.11,0.02,0.46
8D8.5I5,0.09,0.02,0.36
8D8.7G1,0.1,0.02,0.39
8D8.8A9,0.1,0.02,0.39
8D8.30Z,0.13,0.02,0.53
8D8.9D7,0.13,0.02,0.54
8D8.2H6,0.15,0.02,0.64
8D8.17K,0.14,0.02,0.59
8D8.60E,0.15,0.02,0.64
8D8.2C9,0.13,0.02,0.54
5B0.4D3,0.1,0.02,0.37
5B0.28B,0.11,0.02,0.46
5B0.5I5,0.09,0.02,0.36
5B0.7G1,0.1,0.02,0.39
5B0.8A9,0.1,0.02,0.39
5B0.30Z,0.13,0.02,0.53
5B0.9D7,0.13,0.02,0.54
5B0.2H6,0.15,0.02,0.64
5B0.17K,0.14,0.02,0.59
5B0.60E,0.15,0.02,0.64
5B0.2C9,0.13,0.02,0.54
4D3.28B,0.11,0.02,0.44
4D3.5I5,0.09,0.02,0.35
4D3.7G1,0.1,0.02,0.38
4D3.8A9,0.1,0.02,0.38
4D3.30Z,0.12,0.02,0.51
4D3.9D7,0.13,0.02,0.53
4D3.2H6,0.14,0.02,0.61
4D3.17K,0.14,0.02,0.56
4D3.60E,0.14,0.02,0.61
4D3.2C9,0.13,0.02,0.52
28B.5I5,0.11,0.02,0.44
28B.7G1,0.12,0.02,0.48
28B.8A9,0.12,0.02,0.48
28B.30Z,0.16,0.03,0.72
28B.9D7,0.17,0.03,0.75
28B.2H6,0.21,0.03,0.96
28B.17K,0.19,0.03,0.84
28B.60E,0.21,0.03,0.96
28B.2C9,0.17,0.03,0.73
5I5.7G1,0.1,0.02,0.38
5I5.8A9,0.1,0.02,0.38
5I5.30Z,0.12,0.02,0.5
5I5.9D7,0.13,0.02,0.52
5I5.2H6,0.14,0.02,0.6
5I5.17K,0.13,0.02,0.55
5I5.60E,0.14,0.02,0.6
5I5.2C9,0.12,0.02,0.51
7G1.8A9,0.11,0.02,0.41
7G1.30Z,0.14,0.02,0.56
7G1.9D7,0.14,0.02,0.59
7G1.2H6,0.16,0.03,0.7
7G1.17K,0.15,0.02,0.64
7G1.60E,0.16,0.03,0.7
7G1.2C9,0.14,0.02,0.58
8A9.30Z,0.14,0.02,0.56
8A9.9D7,0.14,0.02,0.59
8A9.2H6,0.16,0.03,0.7
8A9.17K,0.15,0.02,0.64
8A9.60E,0.16,0.03,0.7
8A9.2C9,0.14,0.02,0.58
30Z.9D7,0.21,0.03,0.99
30Z.2H6,0.28,0.04,1.41
30Z.17K,0.24,0.03,1.16
30Z.60E,0.28,0.04,1.41
30Z.2C9,0.21,0.03,0.96
9D7.2H6,0.3,0.04,1.59
9D7.17K,0.26,0.03,1.28
9D7.60E,0.3,0.04,1.59
9D7.2C9,0.22,0.03,1.03
2H6.17K,0.37,0.04,2.16
2H6.60E,0.51,0.05,3.51
2H6.2C9,0.29,0.04,1.5
17K.60E,0.37,0.04,2.16
17K.2C9,0.25,0.03,1.22
60E.2C9,0.29,0.04,1.5
